time,accx,accy,accz,gx,gy,gz,g,ax,ay,az,a
09:35:34.533,-1.64,-1.40,9.59,-0.33,-0.27,9.28,9.29,-1.31,-1.13,0.32,1.76
09:35:34.797,-1.60,-1.37,9.56,-0.58,-0.49,9.33,9.37,-1.02,-0.87,0.22,1.36
09:35:35.051,-1.64,-1.37,9.59,-0.79,-0.67,9.39,9.44,-0.84,-0.70,0.21,1.12
09:35:35.303,-1.60,-1.33,9.59,-0.95,-0.80,9.43,9.51,-0.64,-0.53,0.17,0.85
09:35:35.556,-1.60,-1.44,9.52,-1.08,-0.93,9.45,9.55,-0.52,-0.52,0.07,0.73
09:35:35.808,-1.60,-1.37,9.52,-1.19,-1.02,9.46,9.59,-0.41,-0.35,0.06,0.54
09:35:36.061,-1.60,-1.37,9.59,-1.27,-1.09,9.49,9.63,-0.33,-0.28,0.11,0.45
09:35:36.313,-1.68,-1.29,9.59,-1.35,-1.13,9.51,9.67,-0.33,-0.16,0.09,0.37
09:35:36.566,-1.60,-1.37,9.56,-1.40,-1.17,9.52,9.69,-0.20,-0.19,0.04,0.28
09:35:36.818,-1.60,-1.37,9.63,-1.44,-1.21,9.54,9.72,-0.16,-0.15,0.09,0.24
09:35:37.070,-1.60,-1.33,9.59,-1.47,-1.23,9.55,9.74,-0.13,-0.09,0.04,0.16
09:35:37.323,-1.64,-1.37,9.63,-1.51,-1.26,9.57,9.77,-0.13,-0.10,0.07,0.18
09:35:37.575,-1.60,-1.37,9.59,-1.52,-1.28,9.57,9.78,-0.08,-0.08,0.02,0.11
09:35:37.827,-1.64,-1.40,9.56,-1.55,-1.31,9.57,9.78,-0.09,-0.10,-0.01,0.13
09:35:38.082,-1.60,-1.29,9.59,-1.56,-1.30,9.57,9.79,-0.04,0.02,0.02,0.05
09:35:38.335,-1.60,-1.37,9.59,-1.57,-1.31,9.58,9.79,-0.03,-0.05,0.02,0.06
09:35:38.587,-1.60,-1.37,9.56,-1.57,-1.32,9.57,9.79,-0.03,-0.04,-0.02,0.05
09:35:38.843,-1.60,-1.37,9.63,-1.58,-1.33,9.59,9.81,-0.02,-0.03,0.05,0.06
09:35:39.095,-1.60,-1.37,9.59,-1.58,-1.34,9.59,9.81,-0.02,-0.03,0.01,0.03
09:35:39.347,-1.60,-1.33,9.63,-1.59,-1.34,9.60,9.82,-0.01,0.01,0.04,0.04
09:35:39.603,-1.60,-1.37,9.56,-1.59,-1.34,9.59,9.81,-0.01,-0.02,-0.03,0.04
09:35:39.855,-1.56,-1.37,9.63,-1.58,-1.35,9.60,9.82,0.02,-0.02,0.04,0.05
09:35:40.108,-1.60,-1.40,9.59,-1.59,-1.36,9.60,9.82,-0.01,-0.05,-0.00,0.05
09:35:40.361,-1.68,-1.33,9.59,-1.60,-1.35,9.60,9.82,-0.07,0.03,-0.00,0.08
09:35:40.614,-1.64,-1.37,9.59,-1.61,-1.35,9.60,9.82,-0.03,-0.01,-0.00,0.03
09:35:40.866,-1.60,-1.37,9.56,-1.61,-1.36,9.59,9.82,0.01,-0.01,-0.03,0.03
09:35:41.118,-1.60,-1.37,9.56,-1.61,-1.36,9.58,9.81,0.01,-0.01,-0.03,0.03
09:35:41.370,-1.60,-1.40,9.56,-1.61,-1.37,9.58,9.81,0.01,-0.04,-0.02,0.04
09:35:41.623,-1.60,-1.40,9.59,-1.60,-1.37,9.58,9.81,0.00,-0.03,0.01,0.03
09:35:41.875,-1.56,-1.40,9.59,-1.60,-1.38,9.58,9.81,0.04,-0.02,0.01,0.04
09:35:42.127,-1.64,-1.37,9.59,-1.60,-1.38,9.58,9.82,-0.03,0.01,0.01,0.04
09:35:42.383,-1.60,-1.37,9.59,-1.60,-1.37,9.59,9.82,0.00,0.01,0.01,0.01
09:35:42.635,-1.60,-1.40,9.59,-1.60,-1.38,9.59,9.82,0.00,-0.02,0.01,0.02
09:35:42.887,-1.64,-1.33,9.56,-1.61,-1.37,9.58,9.81,-0.03,0.04,-0.03,0.06
09:35:43.143,-1.60,-1.37,9.56,-1.61,-1.37,9.58,9.81,0.01,0.00,-0.02,0.02
09:35:43.396,-1.64,-1.33,9.56,-1.61,-1.36,9.57,9.80,-0.02,0.03,-0.02,0.05
09:35:43.648,-1.64,-1.37,9.59,-1.62,-1.36,9.58,9.81,-0.02,-0.00,0.02,0.03
09:35:43.900,-1.64,-1.37,9.56,-1.62,-1.36,9.57,9.80,-0.02,-0.00,-0.02,0.02
09:35:44.153,-1.64,-1.33,9.52,-1.63,-1.35,9.56,9.79,-0.01,0.03,-0.04,0.05
09:35:44.405,-1.68,-1.33,9.63,-1.64,-1.35,9.58,9.81,-0.04,0.02,0.06,0.07
09:35:44.657,-1.64,-1.33,9.63,-1.64,-1.34,9.59,9.82,-0.00,0.02,0.05,0.05
09:35:44.913,-1.64,-1.37,9.59,-1.64,-1.35,9.59,9.82,-0.00,-0.02,0.01,0.02
09:35:45.165,-1.60,-1.33,9.56,-1.63,-1.34,9.58,9.81,0.03,0.02,-0.03,0.04
09:35:45.417,-1.64,-1.37,9.59,-1.63,-1.35,9.58,9.81,-0.01,-0.02,0.01,0.02
09:35:45.672,-1.60,-1.37,9.59,-1.62,-1.35,9.59,9.82,0.03,-0.01,0.01,0.03
09:35:45.925,-1.64,-1.33,9.56,-1.63,-1.35,9.58,9.81,-0.01,0.02,-0.02,0.03
09:35:46.177,-1.60,-1.37,9.59,-1.62,-1.35,9.58,9.81,0.02,-0.01,0.01,0.03
09:35:46.432,-1.60,-1.37,9.63,-1.62,-1.35,9.59,9.82,0.02,-0.01,0.04,0.05
09:35:46.685,-1.60,-1.33,9.59,-1.61,-1.35,9.59,9.82,0.01,0.02,0.00,0.03
09:35:46.937,-1.64,-1.40,9.56,-1.62,-1.36,9.59,9.82,-0.02,-0.05,-0.03,0.06
09:35:47.194,-1.64,-1.40,9.56,-1.62,-1.37,9.58,9.81,-0.02,-0.04,-0.02,0.05
09:35:47.446,-1.60,-1.40,9.59,-1.62,-1.38,9.58,9.81,0.02,-0.03,0.01,0.04
09:35:47.700,-1.64,-1.37,9.52,-1.62,-1.37,9.57,9.80,-0.02,0.01,-0.05,0.06
09:35:47.952,-1.60,-1.37,9.59,-1.62,-1.37,9.57,9.81,0.02,0.01,0.02,0.03
09:35:48.204,-1.60,-1.40,9.56,-1.61,-1.38,9.57,9.80,0.01,-0.03,-0.02,0.03
09:35:48.457,-1.64,-1.33,9.63,-1.62,-1.37,9.58,9.81,-0.02,0.04,0.05,0.07
09:35:48.714,-1.64,-1.33,9.52,-1.62,-1.36,9.57,9.80,-0.02,0.03,-0.05,0.06
09:35:48.966,-1.56,-1.37,9.56,-1.61,-1.36,9.57,9.80,0.05,-0.00,-0.01,0.05
09:35:49.218,-1.60,-1.33,9.56,-1.61,-1.35,9.56,9.79,0.01,0.03,-0.01,0.03
09:35:49.474,-1.64,-1.40,9.59,-1.61,-1.36,9.57,9.80,-0.02,-0.04,0.02,0.05
09:35:49.726,-1.60,-1.37,9.52,-1.61,-1.36,9.56,9.79,0.01,-0.00,-0.04,0.04
09:35:49.980,-1.60,-1.37,9.59,-1.61,-1.36,9.57,9.80,0.01,-0.00,0.03,0.03
09:35:50.232,-1.60,-1.37,9.56,-1.61,-1.36,9.56,9.79,0.01,-0.00,-0.01,0.01
09:35:50.485,-1.56,-1.37,9.56,-1.60,-1.36,9.56,9.79,0.04,-0.00,-0.01,0.04
09:35:50.737,-1.64,-1.33,9.56,-1.61,-1.36,9.56,9.79,-0.03,0.03,-0.01,0.05
09:35:50.992,-1.60,-1.40,9.63,-1.60,-1.37,9.58,9.80,0.01,-0.04,0.06,0.07
09:35:51.245,-1.60,-1.40,9.59,-1.60,-1.37,9.58,9.81,0.00,-0.03,0.02,0.03
09:35:51.497,-1.64,-1.37,9.59,-1.61,-1.37,9.58,9.81,-0.03,0.01,0.01,0.03
09:35:51.752,-1.64,-1.37,9.59,-1.62,-1.37,9.58,9.82,-0.02,0.01,0.01,0.02
09:35:52.004,-1.60,-1.40,9.63,-1.61,-1.38,9.59,9.83,0.01,-0.03,0.04,0.05
09:35:52.256,-1.60,-1.37,9.59,-1.61,-1.37,9.59,9.82,0.01,0.01,-0.00,0.01
09:35:52.511,-1.60,-1.33,9.59,-1.61,-1.37,9.59,9.82,0.01,0.04,-0.00,0.04
09:35:52.763,-1.48,-1.37,9.71,-1.58,-1.37,9.62,9.84,0.10,0.00,0.09,0.14
09:35:53.015,-1.60,-1.25,9.56,-1.59,-1.34,9.60,9.83,-0.01,0.09,-0.05,0.11
09:35:53.267,-1.95,-0.51,10.53,-1.66,-1.17,9.79,10.00,-0.29,0.67,0.74,1.04
09:35:53.524,-4.84,-0.04,9.44,-2.29,-0.95,9.72,10.03,-2.54,0.91,-0.28,2.71
09:35:53.776,-6.67,-0.51,6.82,-3.17,-0.86,9.14,9.71,-3.50,0.35,-2.32,4.21
09:35:54.028,-8.03,0.62,1.01,-4.14,-0.56,7.52,8.60,-3.89,1.19,-6.50,7.67
09:35:54.281,-9.87,1.91,1.37,-5.29,-0.07,6.29,8.21,-4.58,1.98,-4.92,7.01
09:35:54.533,-10.22,2.92,0.58,-6.27,0.53,5.15,8.13,-3.94,2.39,-4.56,6.49
09:35:54.785,-9.83,3.12,0.00,-6.98,1.05,4.12,8.17,-2.84,2.07,-4.12,5.41
09:35:55.037,-7.72,2.69,-5.66,-7.13,1.38,2.16,7.58,-0.59,1.31,-7.82,7.95
09:35:55.291,-8.27,2.65,-4.13,-7.36,1.63,0.90,7.59,-0.91,1.02,-5.04,5.22
09:35:55.544,-7.61,2.38,-6.24,-7.41,1.78,-0.53,7.64,-0.20,0.60,-5.71,5.75
09:35:55.796,-5.50,5.89,-5.97,-7.03,2.60,-1.61,7.66,1.53,3.29,-4.35,5.66
09:35:56.048,-4.99,7.25,-3.90,-6.62,3.53,-2.07,7.78,1.63,3.72,-1.83,4.45
09:35:56.301,-5.69,5.42,-6.16,-6.43,3.91,-2.89,8.06,0.74,1.51,-3.27,3.68
09:35:56.554,-6.98,4.76,-6.16,-6.54,4.08,-3.54,8.49,-0.44,0.68,-2.62,2.74
09:35:56.806,-6.75,5.26,-4.84,-6.58,4.32,-3.80,8.74,-0.16,0.95,-1.03,1.41
09:35:57.058,-5.73,5.62,-4.72,-6.41,4.58,-3.99,8.83,0.68,1.04,-0.73,1.44
09:35:57.311,-6.05,5.89,-4.60,-6.34,4.84,-4.11,8.97,0.30,1.05,-0.49,1.20
09:35:57.563,-6.40,5.26,-4.88,-6.35,4.92,-4.26,9.10,-0.04,0.34,-0.61,0.70
09:35:57.815,-5.97,5.62,-5.19,-6.27,5.06,-4.45,9.21,0.31,0.55,-0.74,0.97
09:35:58.068,-6.16,5.73,-5.03,-6.25,5.20,-4.56,9.32,0.09,0.54,-0.47,0.72
09:35:58.321,-6.28,5.42,-5.15,-6.26,5.24,-4.68,9.41,-0.02,0.18,-0.47,0.50
09:35:58.573,-6.63,4.95,-5.34,-6.33,5.18,-4.81,9.49,-0.30,-0.23,-0.53,0.65
09:35:58.825,-3.78,8.03,-4.41,-5.82,5.75,-4.73,9.45,2.04,2.28,0.32,3.08
09:35:59.077,-6.32,5.69,-2.92,-5.92,5.74,-4.37,9.33,-0.40,-0.05,1.45,1.50
09:35:59.333,-8.23,2.03,-4.88,-6.38,5.00,-4.47,9.26,-1.85,-2.97,-0.40,3.52
09:35:59.585,-5.58,5.30,-5.81,-6.22,5.06,-4.74,9.32,0.64,0.24,-1.07,1.27
09:35:59.837,-4.88,7.10,-4.56,-5.95,5.47,-4.70,9.35,1.08,1.63,0.14,1.96
09:36:00.091,-5.15,6.79,-4.76,-5.79,5.73,-4.71,9.41,0.64,1.05,-0.04,1.24
09:36:00.344,-4.56,7.45,-3.98,-5.55,6.07,-4.57,9.41,0.98,1.37,0.59,1.79
09:36:00.596,-4.56,7.29,-4.41,-5.35,6.32,-4.54,9.44,0.79,0.97,0.13,1.26
09:36:00.848,-4.60,6.90,-4.91,-5.20,6.44,-4.61,9.47,0.60,0.47,-0.30,0.82
09:36:01.100,-4.72,6.86,-5.03,-5.10,6.52,-4.70,9.52,0.38,0.34,-0.34,0.62
09:36:01.353,-5.30,6.71,-4.72,-5.14,6.56,-4.70,9.57,-0.16,0.15,-0.02,0.22
09:36:01.605,-5.62,6.82,-4.29,-5.24,6.61,-4.62,9.62,-0.38,0.21,0.33,0.54
09:36:01.857,-6.47,5.23,-4.02,-5.49,6.33,-4.50,9.51,-0.99,-1.11,0.48,1.56
09:36:02.113,-6.71,-0.27,-6.71,-5.73,5.01,-4.94,9.08,-0.98,-5.29,-1.77,5.66
09:36:02.365,-6.40,-2.89,-7.22,-5.86,3.43,-5.39,8.68,-0.53,-6.32,-1.82,6.60
09:36:02.617,-5.46,2.46,-6.43,-5.78,3.24,-5.60,8.68,0.32,-0.78,-0.83,1.19
09:36:02.871,-4.25,7.49,-4.68,-5.48,4.09,-5.42,8.72,1.23,3.40,0.74,3.69
09:36:03.124,-3.55,9.24,-1.95,-5.09,5.12,-4.72,8.63,1.54,4.12,2.77,5.20
09:36:03.376,-3.74,9.36,-0.04,-4.82,5.97,-3.79,8.56,1.08,3.39,3.75,5.17
09:36:03.628,-2.38,9.63,-0.98,-4.33,6.70,-3.23,8.61,1.95,2.93,2.25,4.18
09:36:03.880,-3.78,9.94,0.47,-4.22,7.35,-2.49,8.83,0.44,2.60,2.95,3.96
09:36:04.135,-3.24,9.67,0.08,-4.03,7.81,-1.97,9.01,0.79,1.86,2.05,2.88
09:36:04.387,-3.20,9.05,-2.22,-3.86,8.06,-2.02,9.16,0.66,0.99,-0.20,1.21
09:36:04.643,-4.09,7.25,-4.37,-3.91,7.90,-2.49,9.16,-0.19,-0.65,-1.88,1.99
09:36:04.895,-5.85,5.26,-6.24,-4.30,7.37,-3.24,9.13,-1.55,-2.11,-3.00,3.98
09:36:05.147,-5.15,6.63,-4.25,-4.47,7.22,-3.44,9.16,-0.68,-0.59,-0.81,1.21
09:36:05.402,-4.29,8.77,-1.13,-4.43,7.53,-2.98,9.23,0.14,1.24,1.85,2.23
09:36:05.654,-3.43,9.24,-0.55,-4.23,7.88,-2.49,9.28,0.80,1.37,1.95,2.51
09:36:05.906,-2.42,9.83,0.00,-3.87,8.27,-2.00,9.34,1.45,1.56,2.00,2.92
09:36:06.163,-3.86,8.77,-1.01,-3.87,8.37,-1.80,9.39,0.01,0.41,0.79,0.88
09:36:06.415,-6.12,6.71,-5.11,-4.32,8.04,-2.46,9.45,-1.80,-1.33,-2.65,3.47
09:36:06.667,-5.73,6.20,-5.03,-4.60,7.67,-2.98,9.43,-1.13,-1.47,-2.06,2.77
09:36:06.921,-5.23,7.72,-2.26,-4.73,7.68,-2.83,9.45,-0.50,0.04,0.57,0.76
09:36:07.173,-5.03,8.93,-0.16,-4.79,7.93,-2.30,9.54,-0.24,1.00,2.14,2.38
09:36:07.425,-3.82,9.24,-0.35,-4.59,8.19,-1.91,9.58,0.77,1.05,1.56,2.03
09:36:07.677,-3.55,8.70,-2.46,-4.39,8.29,-2.02,9.60,0.84,0.40,-0.44,1.03
09:36:07.933,-4.99,6.59,-4.41,-4.51,7.95,-2.50,9.48,-0.49,-1.36,-1.91,2.40
09:36:08.185,-7.33,3.86,-7.57,-5.07,7.13,-3.51,9.43,-2.26,-3.27,-4.06,5.68
09:36:08.437,-9.36,-1.09,-4.76,-5.93,5.49,-3.76,8.91,-3.43,-6.58,-1.00,7.49
09:36:08.693,-7.92,-3.67,-5.11,-6.33,3.66,-4.03,8.35,-1.59,-7.32,-1.08,7.57
09:36:08.945,-8.58,-2.96,-4.95,-6.78,2.33,-4.21,8.31,-1.80,-5.30,-0.74,5.64
09:36:09.198,-8.27,-2.73,-5.50,-7.08,1.32,-4.47,8.47,-1.19,-4.05,-1.03,4.35
09:36:09.451,-8.54,-1.21,-4.56,-7.37,0.82,-4.49,8.67,-1.17,-2.02,-0.07,2.34
09:36:09.703,-8.31,-0.51,-1.56,-7.56,0.55,-3.90,8.52,-0.75,-1.06,2.34,2.68
09:36:09.955,-6.90,1.56,7.57,-7.43,0.75,-1.61,7.64,0.52,0.81,9.18,9.23
09:36:10.207,-5.73,0.86,8.23,-7.09,0.77,0.36,7.14,1.35,0.08,7.87,7.99
09:36:10.462,-2.30,1.44,9.01,-6.13,0.91,2.09,6.54,3.83,0.54,6.92,7.93
09:36:10.715,-2.22,0.12,8.85,-5.35,0.75,3.44,6.40,3.13,-0.63,5.41,6.28
09:36:10.967,-1.68,-0.47,9.56,-4.61,0.51,4.66,6.58,2.94,-0.97,4.89,5.79
09:36:11.222,-0.23,-0.51,10.26,-3.74,0.30,5.78,6.89,3.50,-0.81,4.47,5.74
09:36:11.474,-1.17,0.35,9.98,-3.22,0.31,6.62,7.37,2.05,0.04,3.36,3.94
09:36:11.727,-1.64,0.04,10.18,-2.91,0.26,7.33,7.89,1.27,-0.22,2.84,3.12
09:36:11.983,-1.05,-0.19,9.94,-2.54,0.17,7.86,8.26,1.48,-0.36,2.09,2.59
09:36:12.241,-1.29,0.08,9.52,-2.29,0.15,8.19,8.50,1.00,-0.07,1.33,1.66
09:36:12.493,-1.25,-0.04,9.71,-2.08,0.11,8.49,8.74,0.83,-0.15,1.22,1.48
09:36:12.746,-1.25,0.00,9.67,-1.91,0.09,8.73,8.94,0.66,-0.09,0.94,1.16
09:36:12.998,-1.25,-0.04,9.71,-1.78,0.06,8.93,9.10,0.53,-0.10,0.79,0.95
09:36:13.250,-1.29,0.00,9.67,-1.68,0.05,9.07,9.23,0.39,-0.05,0.60,0.72
09:36:13.503,-1.25,0.00,9.67,-1.59,0.04,9.19,9.33,0.35,-0.04,0.48,0.59
09:36:13.755,-1.21,0.00,9.75,-1.52,0.03,9.31,9.43,0.31,-0.03,0.44,0.54
09:36:14.007,-1.25,0.00,9.71,-1.46,0.03,9.39,9.50,0.22,-0.03,0.32,0.39
09:36:14.262,-1.25,0.00,9.71,-1.42,0.02,9.45,9.56,0.17,-0.02,0.26,0.31
09:36:14.514,-1.25,0.00,9.71,-1.39,0.02,9.50,9.60,0.14,-0.02,0.21,0.25
09:36:14.766,-1.21,0.00,9.63,-1.35,0.01,9.53,9.62,0.14,-0.01,0.10,0.18
09:36:15.021,-1.21,0.00,9.71,-1.32,0.01,9.57,9.66,0.11,-0.01,0.15,0.18
09:36:15.274,-1.25,0.00,9.71,-1.31,0.01,9.59,9.68,0.06,-0.01,0.12,0.13
09:36:15.526,-1.21,0.00,9.67,-1.29,0.01,9.61,9.70,0.08,-0.01,0.06,0.10
09:36:15.778,-1.21,-0.04,9.71,-1.27,-0.00,9.63,9.71,0.06,-0.04,0.08,0.11
09:36:16.034,-1.25,0.00,9.75,-1.27,-0.00,9.65,9.74,0.02,0.00,0.10,0.10
09:36:16.287,-1.29,0.00,9.71,-1.27,-0.00,9.67,9.75,-0.02,0.00,0.05,0.05
09:36:16.541,-1.25,0.00,9.71,-1.27,-0.00,9.67,9.76,0.02,0.00,0.04,0.04
09:36:16.794,-1.25,0.00,9.71,-1.26,-0.00,9.68,9.76,0.01,0.00,0.03,0.03
09:36:17.047,-1.21,0.00,9.67,-1.25,-0.00,9.68,9.76,0.04,0.00,-0.01,0.04
09:36:17.302,-1.29,0.00,9.71,-1.26,-0.00,9.69,9.77,-0.03,0.00,0.02,0.04
09:36:17.554,-1.25,-0.04,9.63,-1.26,-0.01,9.68,9.76,0.01,-0.03,-0.04,0.05
09:36:17.807,-1.25,0.00,9.63,-1.26,-0.01,9.67,9.75,0.01,0.01,-0.03,0.04
09:36:18.063,-1.21,-0.04,9.67,-1.25,-0.01,9.67,9.75,0.04,-0.03,0.00,0.05
09:36:18.315,-1.25,0.00,9.71,-1.25,-0.01,9.68,9.76,-0.00,0.01,0.03,0.04
09:36:18.567,-1.25,0.00,9.67,-1.25,-0.01,9.68,9.76,-0.00,0.01,-0.00,0.01
09:36:18.823,-1.21,0.00,9.67,-1.24,-0.01,9.67,9.75,0.03,0.01,-0.00,0.03
09:36:19.075,-1.25,-0.04,9.63,-1.24,-0.01,9.67,9.75,-0.01,-0.03,-0.03,0.04
09:36:19.327,-1.29,0.00,9.71,-1.25,-0.01,9.68,9.76,-0.04,0.01,0.04,0.05
09:36:19.583,-1.25,-0.04,9.63,-1.25,-0.02,9.67,9.75,0.00,-0.02,-0.03,0.04
09:36:19.835,-1.25,0.00,9.67,-1.25,-0.01,9.67,9.75,0.00,0.01,0.00,0.01
09:36:20.087,-1.25,0.00,9.63,-1.25,-0.01,9.66,9.74,0.00,0.01,-0.03,0.03
09:36:20.343,-1.17,-0.04,9.71,-1.23,-0.02,9.67,9.75,0.06,-0.02,0.04,0.08
09:36:20.595,-1.21,0.00,9.67,-1.23,-0.01,9.67,9.75,0.02,0.01,0.00,0.02
09:36:20.847,-1.21,0.00,9.71,-1.22,-0.01,9.68,9.76,0.02,0.01,0.03,0.04
09:36:21.102,-1.25,0.00,9.67,-1.23,-0.01,9.68,9.76,-0.02,0.01,-0.01,0.02
09:36:21.355,-1.25,0.00,9.71,-1.23,-0.01,9.68,9.76,-0.02,0.01,0.03,0.03
09:36:21.607,-1.25,0.00,9.67,-1.24,-0.01,9.68,9.76,-0.01,0.01,-0.01,0.02
09:36:21.862,-1.21,0.00,9.71,-1.23,-0.00,9.69,9.77,0.02,0.00,0.02,0.03
09:36:22.115,-1.25,0.00,9.67,-1.23,-0.00,9.68,9.76,-0.01,0.00,-0.01,0.02
09:36:22.367,-1.25,0.00,9.63,-1.24,-0.00,9.67,9.75,-0.01,0.00,-0.04,0.04
09:36:22.623,-1.21,-0.04,9.67,-1.23,-0.01,9.67,9.75,0.02,-0.03,-0.00,0.04
09:36:22.875,-1.25,0.00,9.71,-1.23,-0.01,9.68,9.76,-0.01,0.01,0.03,0.03
09:36:23.127,-1.25,-0.04,9.71,-1.24,-0.01,9.69,9.77,-0.01,-0.02,0.02,0.04
09:36:23.383,-1.29,0.00,9.67,-1.25,-0.01,9.68,9.76,-0.04,0.01,-0.01,0.04
09:36:23.635,-1.29,-0.04,9.67,-1.26,-0.02,9.68,9.76,-0.03,-0.02,-0.01,0.04
09:36:23.887,-1.25,0.00,9.67,-1.25,-0.01,9.68,9.76,0.01,0.01,-0.01,0.02
09:36:24.144,-1.21,0.00,9.67,-1.24,-0.01,9.68,9.76,0.04,0.01,-0.01,0.04
09:36:24.396,-1.25,0.00,9.67,-1.25,-0.01,9.68,9.76,-0.00,0.01,-0.00,0.01
09:36:24.648,-1.21,-0.04,9.67,-1.24,-0.01,9.68,9.75,0.03,-0.02,-0.00,0.04
09:36:24.901,-1.21,0.00,9.71,-1.23,-0.01,9.68,9.76,0.02,0.01,0.03,0.04
09:36:25.153,-1.25,0.00,9.67,-1.24,-0.01,9.68,9.76,-0.01,0.01,-0.01,0.02
09:36:25.405,-1.25,0.00,9.71,-1.24,-0.01,9.69,9.77,-0.01,0.01,0.02,0.03
09:36:25.657,-1.21,0.00,9.75,-1.23,-0.01,9.70,9.78,0.02,0.01,0.05,0.06
09:36:25.911,-1.21,-0.04,9.71,-1.23,-0.01,9.70,9.78,0.02,-0.03,0.01,0.03
09:36:26.163,-1.21,-0.04,9.67,-1.22,-0.02,9.70,9.77,0.01,-0.02,-0.02,0.04
09:36:26.415,-1.21,-0.04,9.67,-1.22,-0.02,9.69,9.77,0.01,-0.02,-0.02,0.03
09:36:26.667,-1.29,0.00,9.67,-1.23,-0.02,9.69,9.77,-0.05,0.02,-0.02,0.06
09:36:26.921,-1.21,0.00,9.67,-1.23,-0.01,9.68,9.76,0.02,0.01,-0.01,0.03
09:36:27.173,-1.25,0.00,9.67,-1.23,-0.01,9.68,9.76,-0.02,0.01,-0.01,0.02
09:36:27.426,-1.25,0.00,9.71,-1.24,-0.01,9.69,9.77,-0.01,0.01,0.02,0.03
09:36:27.678,-1.25,0.00,9.75,-1.24,-0.01,9.70,9.78,-0.01,0.01,0.05,0.05
09:36:27.932,-1.25,0.00,9.67,-1.24,-0.01,9.69,9.77,-0.01,0.01,-0.02,0.02
09:36:28.184,-1.25,0.00,9.63,-1.24,-0.00,9.68,9.76,-0.01,0.00,-0.05,0.05
09:36:28.436,-1.21,-0.04,9.67,-1.24,-0.01,9.68,9.76,0.03,-0.03,-0.01,0.04
09:36:28.688,-1.25,0.00,9.67,-1.24,-0.01,9.68,9.76,-0.01,0.01,-0.01,0.02
09:36:28.940,-1.25,0.00,9.71,-1.24,-0.01,9.69,9.76,-0.01,0.01,0.03,0.03
09:36:29.193,-1.21,-0.04,9.71,-1.23,-0.01,9.69,9.77,0.02,-0.03,0.02,0.04
09:36:29.445,-1.21,-0.08,9.67,-1.23,-0.03,9.69,9.76,0.02,-0.05,-0.01,0.06
09:36:29.697,-1.29,0.00,9.67,-1.24,-0.02,9.68,9.76,-0.05,0.02,-0.01,0.05
09:36:29.951,-1.25,-0.04,9.67,-1.24,-0.02,9.68,9.76,-0.01,-0.01,-0.01,0.02
09:36:30.204,-1.25,-0.04,9.71,-1.24,-0.03,9.69,9.77,-0.00,-0.01,0.02,0.03
09:36:30.456,-1.25,0.00,9.67,-1.24,-0.02,9.68,9.76,-0.00,0.02,-0.01,0.03
09:36:30.708,-1.25,0.00,9.67,-1.24,-0.02,9.68,9.76,-0.00,0.02,-0.01,0.02
09:36:30.960,-1.29,-0.04,9.67,-1.25,-0.02,9.68,9.76,-0.03,-0.02,-0.01,0.04
09:36:31.213,-1.25,-0.04,9.71,-1.25,-0.03,9.69,9.77,0.00,-0.01,0.02,0.03
09:36:31.465,-1.25,-0.04,9.71,-1.25,-0.03,9.69,9.77,0.00,-0.01,0.02,0.02
09:36:31.717,-1.25,-0.04,9.71,-1.25,-0.03,9.70,9.78,0.00,-0.01,0.02,0.02
09:36:31.971,-1.21,-0.04,9.71,-1.24,-0.03,9.70,9.78,0.03,-0.01,0.01,0.04
09:36:32.223,-1.21,0.00,9.63,-1.24,-0.03,9.69,9.76,0.03,0.03,-0.05,0.06
09:36:32.476,-1.25,0.00,9.71,-1.24,-0.02,9.69,9.77,-0.01,0.02,0.02,0.03
09:36:32.728,-1.21,0.00,9.71,-1.23,-0.02,9.69,9.77,0.02,0.02,0.02,0.03
09:36:32.981,-1.25,0.00,9.67,-1.24,-0.01,9.69,9.77,-0.01,0.01,-0.02,0.03
09:36:33.233,-1.21,-0.04,9.71,-1.23,-0.02,9.69,9.77,0.02,-0.02,0.02,0.03
09:36:33.485,-1.21,0.00,9.67,-1.23,-0.01,9.69,9.77,0.02,0.01,-0.02,0.03
09:36:33.738,-1.25,0.00,9.71,-1.23,-0.01,9.69,9.77,-0.02,0.01,0.02,0.03
09:36:33.991,-1.21,0.00,9.71,-1.23,-0.01,9.70,9.77,0.02,0.01,0.01,0.02
09:36:34.243,-1.25,0.00,9.75,-1.23,-0.01,9.71,9.79,-0.02,0.01,0.04,0.05
09:36:34.495,-1.25,0.00,9.67,-1.23,-0.01,9.70,9.78,-0.01,0.01,-0.03,0.03
09:36:34.747,-1.21,0.00,9.71,-1.23,-0.00,9.70,9.78,0.02,0.00,0.01,0.02
09:36:35.001,-1.25,0.00,9.71,-1.23,-0.00,9.70,9.78,-0.02,0.00,0.01,0.02
09:36:35.253,-1.25,0.00,9.63,-1.24,-0.00,9.69,9.77,-0.01,0.00,-0.06,0.06
09:36:35.505,-1.29,-0.04,9.71,-1.25,-0.01,9.69,9.77,-0.04,-0.03,0.02,0.05
09:36:35.758,-1.25,0.00,9.67,-1.25,-0.01,9.69,9.77,-0.00,0.01,-0.02,0.02
09:36:36.012,-1.25,0.00,9.75,-1.25,-0.01,9.70,9.78,-0.00,0.01,0.05,0.05
09:36:36.264,-1.21,-0.04,9.71,-1.24,-0.01,9.70,9.78,0.03,-0.03,0.01,0.04
09:36:36.516,-1.21,0.00,9.71,-1.23,-0.01,9.71,9.78,0.02,0.01,0.01,0.03
09:36:36.770,-1.21,0.00,9.75,-1.23,-0.01,9.71,9.79,0.02,0.01,0.04,0.04
09:36:37.022,-1.25,-0.04,9.71,-1.23,-0.01,9.71,9.79,-0.02,-0.02,-0.00,0.03
09:36:37.274,-1.29,0.00,9.71,-1.24,-0.01,9.71,9.79,-0.04,0.01,-0.00,0.05
09:36:37.527,-1.21,0.00,9.71,-1.24,-0.01,9.71,9.79,0.03,0.01,-0.00,0.03
09:36:37.782,-1.25,0.00,9.71,-1.24,-0.01,9.71,9.79,-0.01,0.01,-0.00,0.01
09:36:38.034,-1.25,-0.04,9.71,-1.24,-0.01,9.71,9.79,-0.01,-0.03,-0.00,0.03
09:36:38.286,-1.25,0.00,9.63,-1.24,-0.01,9.70,9.78,-0.01,0.01,-0.06,0.06
09:36:38.539,-1.17,0.00,9.67,-1.23,-0.01,9.69,9.77,0.06,0.01,-0.02,0.06
09:36:38.791,-1.21,0.00,9.67,-1.22,-0.01,9.69,9.76,0.01,0.01,-0.02,0.02
09:36:39.043,-1.25,0.00,9.71,-1.23,-0.01,9.69,9.77,-0.02,0.01,0.02,0.03
09:36:39.296,-1.21,0.00,9.71,-1.22,-0.00,9.70,9.77,0.02,0.00,0.02,0.02
09:36:39.548,-1.25,0.00,9.67,-1.23,-0.00,9.69,9.77,-0.02,0.00,-0.02,0.03
09:36:39.800,-1.25,0.00,9.63,-1.23,-0.00,9.68,9.76,-0.01,0.00,-0.05,0.05
09:36:40.053,-1.29,0.04,9.71,-1.24,0.01,9.69,9.77,-0.04,0.03,0.03,0.06
09:36:40.305,-1.21,0.00,9.71,-1.24,0.00,9.69,9.77,0.03,-0.00,0.02,0.03
09:36:40.557,-1.21,0.00,9.71,-1.23,0.00,9.69,9.77,0.02,-0.00,0.02,0.03
09:36:40.813,-1.25,-0.04,9.71,-1.23,-0.00,9.70,9.78,-0.01,-0.03,0.01,0.04
09:36:41.065,-1.21,0.00,9.71,-1.23,-0.00,9.70,9.78,0.02,0.00,0.01,0.02
09:36:41.317,-1.25,0.00,9.71,-1.23,-0.00,9.70,9.78,-0.01,0.00,0.01,0.02
09:36:41.572,-1.21,-0.04,9.71,-1.23,-0.01,9.70,9.78,0.02,-0.03,0.01,0.04
09:36:41.824,-1.25,0.00,9.67,-1.23,-0.01,9.70,9.78,-0.02,0.01,-0.03,0.03
09:36:42.077,-1.21,0.00,9.71,-1.23,-0.01,9.70,9.78,0.02,0.01,0.01,0.02
09:36:42.332,-1.25,0.00,9.71,-1.23,-0.01,9.70,9.78,-0.02,0.01,0.01,0.02
09:36:42.584,-1.25,-0.04,9.67,-1.23,-0.01,9.70,9.77,-0.01,-0.03,-0.02,0.04
09:36:42.836,-1.21,0.00,9.71,-1.23,-0.01,9.70,9.78,0.02,0.01,0.01,0.03
09:36:43.090,-1.25,0.00,9.71,-1.23,-0.01,9.70,9.78,-0.01,0.01,0.01,0.02
09:36:43.342,-1.25,-0.04,9.67,-1.24,-0.01,9.70,9.77,-0.01,-0.03,-0.02,0.04
09:36:43.594,-1.25,0.04,9.71,-1.24,-0.00,9.70,9.78,-0.01,0.04,0.01,0.05
09:36:43.847,-1.21,0.00,9.63,-1.23,-0.00,9.69,9.76,0.02,0.00,-0.05,0.06
09:36:44.103,-1.25,0.00,9.71,-1.24,-0.00,9.69,9.77,-0.01,0.00,0.02,0.02
09:36:44.355,-1.25,0.00,9.67,-1.24,-0.00,9.69,9.77,-0.01,0.00,-0.01,0.02
09:36:44.607,-1.17,0.00,9.67,-1.22,-0.00,9.68,9.76,0.05,0.00,-0.01,0.06
09:36:44.864,-1.25,0.00,9.71,-1.23,-0.00,9.69,9.77,-0.02,0.00,0.02,0.03
09:36:45.116,-1.17,0.00,9.67,-1.22,-0.00,9.69,9.76,0.05,0.00,-0.01,0.05
09:36:45.368,-1.21,0.00,9.63,-1.22,-0.00,9.68,9.75,0.01,0.00,-0.04,0.04
09:36:45.621,-1.21,0.00,9.67,-1.21,-0.00,9.67,9.75,0.01,0.00,-0.00,0.01
09:36:45.874,-1.21,-0.04,9.71,-1.21,-0.01,9.68,9.76,0.00,-0.03,0.03,0.04
09:36:46.126,-1.29,0.00,9.71,-1.23,-0.01,9.69,9.77,-0.06,0.01,0.02,0.06
09:36:46.380,-1.21,0.00,9.71,-1.22,-0.01,9.69,9.77,0.02,0.01,0.02,0.02
09:36:46.632,-1.21,0.00,9.67,-1.22,-0.00,9.69,9.76,0.01,0.00,-0.02,0.02
09:36:46.885,-1.25,0.00,9.63,-1.23,-0.00,9.68,9.75,-0.02,0.00,-0.04,0.05
09:36:47.137,-1.21,0.00,9.67,-1.22,-0.00,9.68,9.75,0.01,0.00,-0.00,0.01
09:36:47.393,-1.25,-0.04,9.67,-1.23,-0.01,9.68,9.75,-0.02,-0.03,-0.00,0.04
09:36:47.645,-1.25,-0.04,9.71,-1.23,-0.02,9.68,9.76,-0.02,-0.02,0.03,0.04
09:36:47.898,-1.21,0.00,9.67,-1.23,-0.01,9.68,9.76,0.02,0.01,-0.01,0.02
09:36:48.151,-1.21,0.00,9.67,-1.22,-0.01,9.68,9.76,0.01,0.01,-0.01,0.02
09:36:48.403,-1.25,0.00,9.67,-1.23,-0.01,9.68,9.76,-0.02,0.01,-0.01,0.02
09:36:48.655,-1.25,0.00,9.71,-1.23,-0.01,9.68,9.76,-0.02,0.01,0.03,0.03
09:36:48.908,-1.25,0.00,9.63,-1.24,-0.01,9.67,9.75,-0.01,0.01,-0.04,0.04
09:36:49.161,-1.21,0.04,9.63,-1.23,0.00,9.67,9.74,0.02,0.04,-0.03,0.05
09:36:49.413,-1.25,-0.04,9.75,-1.23,-0.00,9.68,9.76,-0.01,-0.03,0.07,0.08
09:36:49.665,-1.25,0.00,9.67,-1.24,-0.00,9.68,9.76,-0.01,0.00,-0.01,0.01
09:36:49.917,-1.21,-0.04,9.71,-1.23,-0.01,9.69,9.76,0.02,-0.03,0.02,0.04
09:36:50.171,-1.25,0.00,9.67,-1.23,-0.01,9.68,9.76,-0.01,0.01,-0.01,0.02
09:36:50.483,-1.25,0.00,9.71,-1.24,-0.01,9.69,9.77,-0.01,0.01,0.02,0.03
09:36:50.735,-1.25,0.00,9.71,-1.24,-0.01,9.69,9.77,-0.01,0.01,0.02,0.02
09:36:50.987,-1.29,0.00,9.71,-1.25,-0.00,9.70,9.78,-0.04,0.00,0.01,0.04
09:36:51.243,-1.21,0.00,9.71,-1.24,-0.00,9.70,9.78,0.03,0.00,0.01,0.03
09:36:51.495,-1.21,0.00,9.71,-1.23,-0.00,9.70,9.78,0.03,0.00,0.01,0.03
09:36:51.747,-1.25,-0.04,9.67,-1.24,-0.01,9.70,9.77,-0.01,-0.03,-0.02,0.04
09:36:52.003,-1.25,0.00,9.71,-1.24,-0.01,9.70,9.78,-0.01,0.01,0.01,0.02
09:36:52.255,-1.21,-0.04,9.71,-1.23,-0.01,9.70,9.78,0.02,-0.02,0.01,0.04
09:36:52.511,-1.25,0.00,9.71,-1.24,-0.01,9.70,9.78,-0.01,0.01,0.01,0.02
09:36:52.764,-1.21,0.00,9.75,-1.23,-0.01,9.71,9.79,0.02,0.01,0.04,0.04
09:36:53.016,-1.25,0.00,9.67,-1.23,-0.01,9.70,9.78,-0.01,0.01,-0.03,0.04
09:36:53.268,-1.21,0.00,9.75,-1.23,-0.01,9.71,9.79,0.02,0.01,0.04,0.04
09:36:53.521,-1.25,0.00,9.67,-1.23,-0.00,9.71,9.78,-0.02,0.00,-0.03,0.04
09:36:53.773,-1.21,-0.04,9.63,-1.23,-0.01,9.69,9.77,0.02,-0.03,-0.06,0.07
09:36:54.026,-1.25,0.04,9.71,-1.23,-0.00,9.69,9.77,-0.02,0.04,0.02,0.05
09:36:54.278,-1.25,-0.04,9.63,-1.24,-0.01,9.68,9.76,-0.01,-0.03,-0.05,0.06
09:36:54.533,-1.25,0.00,9.67,-1.24,-0.01,9.68,9.76,-0.01,0.01,-0.01,0.01
09:36:54.785,-1.25,0.00,9.71,-1.24,-0.01,9.69,9.77,-0.01,0.01,0.02,0.03
09:36:55.037,-1.21,-0.04,9.67,-1.23,-0.01,9.68,9.76,0.02,-0.03,-0.01,0.04
09:36:55.293,-1.21,-0.04,9.67,-1.23,-0.02,9.68,9.76,0.02,-0.02,-0.01,0.03
09:36:55.545,-1.29,0.00,9.67,-1.24,-0.01,9.68,9.76,-0.05,0.01,-0.01,0.05
09:36:55.797,-1.25,0.00,9.63,-1.24,-0.01,9.67,9.75,-0.01,0.01,-0.04,0.04
09:36:56.052,-1.17,0.00,9.63,-1.23,-0.01,9.66,9.74,0.06,0.01,-0.03,0.07
09:36:56.304,-1.25,0.00,9.71,-1.23,-0.01,9.67,9.75,-0.02,0.01,0.04,0.04
09:36:56.557,-1.25,-0.04,9.67,-1.23,-0.01,9.67,9.75,-0.01,-0.03,-0.00,0.03
09:36:56.811,-1.25,0.00,9.67,-1.24,-0.01,9.67,9.75,-0.01,0.01,-0.00,0.02
09:36:57.063,-1.21,0.00,9.67,-1.23,-0.01,9.67,9.75,0.02,0.01,-0.00,0.02
09:36:57.316,-1.29,0.00,9.63,-1.24,-0.01,9.66,9.74,-0.04,0.01,-0.03,0.05
09:36:57.568,-1.25,0.00,9.67,-1.24,-0.01,9.67,9.75,-0.00,0.01,0.01,0.01
09:36:57.820,-1.21,-0.04,9.67,-1.24,-0.01,9.67,9.75,0.03,-0.03,0.00,0.04
09:36:58.073,-1.21,0.00,9.71,-1.23,-0.01,9.68,9.75,0.02,0.01,0.04,0.04
09:36:58.325,-1.25,-0.04,9.71,-1.23,-0.02,9.68,9.76,-0.01,-0.02,0.03,0.04
09:36:58.577,-1.25,0.00,9.67,-1.24,-0.01,9.68,9.76,-0.01,0.01,-0.01,0.02
09:36:58.831,-1.25,-0.04,9.71,-1.24,-0.02,9.69,9.77,-0.01,-0.02,0.02,0.03
09:36:59.083,-1.17,0.00,9.75,-1.23,-0.01,9.70,9.78,0.06,0.01,0.05,0.08
09:36:59.335,-1.21,-0.04,9.63,-1.22,-0.02,9.69,9.76,0.01,-0.02,-0.05,0.06
09:36:59.588,-1.21,-0.04,9.71,-1.22,-0.02,9.69,9.77,0.01,-0.02,0.02,0.03
09:36:59.841,-1.29,0.00,9.67,-1.23,-0.02,9.69,9.77,-0.05,0.02,-0.02,0.06
09:37:00.093,-1.21,0.00,9.71,-1.23,-0.01,9.69,9.77,0.02,0.01,0.02,0.03
09:37:00.345,-1.21,-0.04,9.71,-1.22,-0.02,9.70,9.77,0.02,-0.02,0.02,0.03
09:37:00.597,-1.29,0.00,9.67,-1.24,-0.02,9.69,9.77,-0.05,0.02,-0.02,0.06
09:37:00.851,-1.21,-0.04,9.63,-1.23,-0.02,9.68,9.76,0.02,-0.02,-0.05,0.05
09:37:01.104,-1.25,0.00,9.71,-1.23,-0.02,9.69,9.76,-0.01,0.02,0.03,0.03
09:37:01.356,-1.25,0.00,9.63,-1.24,-0.01,9.68,9.75,-0.01,0.01,-0.04,0.05
09:37:01.608,-1.29,0.00,9.67,-1.25,-0.01,9.67,9.75,-0.04,0.01,-0.00,0.04
09:37:01.860,-1.29,0.00,9.67,-1.26,-0.01,9.67,9.76,-0.03,0.01,-0.00,0.03
09:37:02.113,-1.21,-0.04,9.67,-1.25,-0.01,9.67,9.75,0.04,-0.02,-0.00,0.04
09:37:02.365,-1.29,0.00,9.71,-1.25,-0.01,9.68,9.76,-0.03,0.01,0.03,0.05
09:37:02.617,-1.21,-0.04,9.75,-1.25,-0.02,9.69,9.77,0.04,-0.02,0.06,0.07
09:37:02.873,-1.21,0.00,9.71,-1.24,-0.01,9.70,9.78,0.03,0.01,0.01,0.03
09:37:03.125,-1.21,0.00,9.71,-1.23,-0.01,9.70,9.78,0.02,0.01,0.01,0.03
09:37:03.377,-1.25,0.00,9.71,-1.24,-0.01,9.70,9.78,-0.01,0.01,0.01,0.02
09:37:03.631,-1.25,0.00,9.67,-1.24,-0.01,9.70,9.78,-0.01,0.01,-0.02,0.03
09:37:03.883,-1.21,0.00,9.71,-1.23,-0.01,9.70,9.78,0.02,0.01,0.01,0.03
09:37:04.137,-1.25,0.00,9.67,-1.24,-0.00,9.69,9.77,-0.01,0.00,-0.02,0.03
09:37:04.392,-1.21,0.04,9.67,-1.23,0.00,9.69,9.77,0.02,0.03,-0.02,0.04
09:37:04.644,-1.21,0.00,9.71,-1.23,0.00,9.69,9.77,0.02,-0.00,0.02,0.02
09:37:04.896,-1.21,0.00,9.67,-1.22,0.00,9.69,9.77,0.01,-0.00,-0.02,0.02
09:37:05.155,-1.25,0.04,9.71,-1.23,0.01,9.69,9.77,-0.02,0.03,0.02,0.04
09:37:05.407,-1.25,0.00,9.71,-1.23,0.01,9.70,9.78,-0.02,-0.01,0.01,0.02
09:37:05.662,-1.21,0.00,9.71,-1.23,0.01,9.70,9.78,0.02,-0.01,0.01,0.02
09:37:05.915,-1.21,0.00,9.67,-1.22,0.01,9.69,9.77,0.01,-0.01,-0.02,0.03
09:37:06.167,-1.25,0.00,9.67,-1.23,0.00,9.69,9.77,-0.02,-0.00,-0.02,0.03
09:37:06.422,-1.29,0.00,9.67,-1.24,0.00,9.69,9.77,-0.05,-0.00,-0.01,0.05
09:37:06.674,-1.25,0.00,9.67,-1.24,0.00,9.68,9.76,-0.01,-0.00,-0.01,0.01
09:37:06.926,-1.25,0.00,9.67,-1.24,0.00,9.68,9.76,-0.01,-0.00,-0.01,0.01
09:37:07.181,-1.21,0.00,9.67,-1.24,0.00,9.68,9.76,0.03,-0.00,-0.01,0.03
09:37:07.433,-1.25,0.00,9.71,-1.24,0.00,9.69,9.76,-0.01,-0.00,0.03,0.03
09:37:07.685,-1.25,0.00,9.67,-1.24,0.00,9.68,9.76,-0.01,-0.00,-0.01,0.01
09:37:07.937,-1.25,-0.04,9.71,-1.24,-0.01,9.69,9.77,-0.01,-0.03,0.02,0.04
09:37:08.196,-1.21,0.04,9.75,-1.24,0.00,9.70,9.78,0.03,0.04,0.05,0.07
09:37:08.450,-1.21,0.00,9.67,-1.23,0.00,9.70,9.77,0.02,-0.00,-0.02,0.03
09:37:08.702,-1.25,0.00,9.71,-1.23,0.00,9.70,9.78,-0.01,-0.00,0.01,0.02
09:37:08.955,-1.21,0.00,9.71,-1.23,0.00,9.70,9.78,0.02,-0.00,0.01,0.02
09:37:09.207,-1.25,0.00,9.67,-1.23,0.00,9.70,9.77,-0.02,-0.00,-0.02,0.03
09:37:09.462,-1.25,-0.04,9.67,-1.24,-0.01,9.69,9.77,-0.01,-0.03,-0.02,0.04
09:37:09.714,-1.25,0.00,9.71,-1.24,-0.01,9.69,9.77,-0.01,0.01,0.02,0.02
09:37:09.967,-1.25,-0.04,9.67,-1.24,-0.01,9.69,9.77,-0.01,-0.03,-0.02,0.03
09:37:10.221,-1.25,0.04,9.71,-1.24,-0.00,9.69,9.77,-0.01,0.04,0.02,0.04
09:37:10.474,-1.29,0.00,9.71,-1.25,-0.00,9.70,9.78,-0.04,0.00,0.01,0.04
09:37:10.726,-1.25,0.00,9.67,-1.25,-0.00,9.69,9.77,0.00,0.00,-0.02,0.02
09:37:10.978,-1.25,0.00,9.71,-1.25,-0.00,9.70,9.78,0.00,0.00,0.01,0.01
09:37:11.235,-1.25,0.00,9.67,-1.25,-0.00,9.69,9.77,0.00,0.00,-0.02,0.02
09:37:11.487,-1.21,0.00,9.75,-1.24,-0.00,9.70,9.78,0.03,0.00,0.05,0.06
09:37:11.743,-1.25,0.00,9.67,-1.24,-0.00,9.70,9.78,-0.01,0.00,-0.02,0.03
09:37:11.995,-1.21,0.00,9.67,-1.24,-0.00,9.69,9.77,0.03,0.00,-0.02,0.03
09:37:12.247,-1.25,-0.04,9.71,-1.24,-0.01,9.70,9.77,-0.01,-0.03,0.02,0.04
09:37:12.501,-1.29,0.04,9.71,-1.25,0.00,9.70,9.78,-0.04,0.04,0.01,0.06
09:37:12.753,-1.29,0.00,9.75,-1.26,0.00,9.71,9.79,-0.03,-0.00,0.04,0.05
09:37:13.005,-1.25,0.00,9.67,-1.25,0.00,9.70,9.78,0.01,-0.00,-0.03,0.03
09:37:13.257,-1.29,0.04,9.71,-1.26,0.01,9.70,9.79,-0.03,0.03,0.01,0.04
09:37:13.513,-1.25,0.00,9.71,-1.26,0.01,9.70,9.79,0.01,-0.01,0.01,0.01
09:37:13.765,-1.25,0.00,9.71,-1.26,0.01,9.71,9.79,0.01,-0.01,0.00,0.01
09:37:14.017,-1.21,-0.04,9.63,-1.25,-0.00,9.69,9.77,0.04,-0.04,-0.06,0.08
09:37:14.273,-1.21,0.00,9.67,-1.24,-0.00,9.69,9.77,0.03,0.00,-0.02,0.03
09:37:14.525,-1.21,0.00,9.75,-1.23,-0.00,9.70,9.78,0.02,0.00,0.05,0.06
09:37:14.778,-1.21,0.00,9.67,-1.23,-0.00,9.69,9.77,0.02,0.00,-0.02,0.03
09:37:15.032,-1.25,0.00,9.71,-1.23,-0.00,9.70,9.78,-0.02,0.00,0.01,0.02
09:37:15.284,-1.21,-0.04,9.67,-1.23,-0.01,9.69,9.77,0.02,-0.03,-0.02,0.04
09:37:15.536,-1.25,0.00,9.67,-1.23,-0.01,9.69,9.77,-0.02,0.01,-0.02,0.02
09:37:15.790,-1.25,0.04,9.63,-1.23,0.00,9.68,9.76,-0.01,0.04,-0.04,0.06
09:37:16.042,-1.21,0.00,9.67,-1.23,0.00,9.68,9.75,0.02,-0.00,-0.00,0.02
09:37:16.295,-1.21,-0.04,9.67,-1.23,-0.01,9.68,9.75,0.02,-0.03,-0.00,0.04
09:37:16.547,-1.25,0.00,9.67,-1.23,-0.01,9.67,9.75,-0.02,0.01,-0.00,0.02
09:37:16.802,-1.21,0.00,9.71,-1.23,-0.00,9.68,9.76,0.02,0.00,0.03,0.03
09:37:17.055,-1.25,0.00,9.67,-1.23,-0.00,9.68,9.76,-0.02,0.00,-0.01,0.02
09:37:17.307,-1.21,-0.04,9.71,-1.23,-0.01,9.69,9.76,0.02,-0.03,0.02,0.04
09:37:17.563,-1.25,0.00,9.71,-1.23,-0.01,9.69,9.77,-0.02,0.01,0.02,0.03
09:37:17.815,-1.25,0.00,9.67,-1.23,-0.01,9.69,9.77,-0.01,0.01,-0.02,0.02
09:37:18.067,-1.21,0.00,9.71,-1.23,-0.01,9.69,9.77,0.02,0.01,0.02,0.03
09:37:18.323,-1.29,0.00,9.71,-1.24,-0.00,9.70,9.77,-0.05,0.00,0.02,0.05
09:37:18.575,-1.21,0.00,9.67,-1.23,-0.00,9.69,9.77,0.03,0.00,-0.02,0.03
09:37:18.827,-1.21,0.00,9.67,-1.23,-0.00,9.69,9.76,0.02,0.00,-0.02,0.03
09:37:19.081,-1.25,0.00,9.67,-1.23,-0.00,9.68,9.76,-0.02,0.00,-0.01,0.02
09:37:19.333,-1.25,0.00,9.67,-1.24,-0.00,9.68,9.76,-0.01,0.00,-0.01,0.02
09:37:19.586,-1.29,0.04,9.67,-1.25,0.01,9.68,9.76,-0.04,0.03,-0.01,0.05
09:37:19.838,-1.25,0.00,9.67,-1.25,0.01,9.68,9.76,-0.00,-0.01,-0.01,0.01
09:37:20.092,-1.25,-0.04,9.71,-1.25,-0.00,9.68,9.76,-0.00,-0.04,0.03,0.04
09:37:20.344,-1.21,0.00,9.71,-1.24,-0.00,9.69,9.77,0.03,0.00,0.02,0.04
09:37:20.596,-1.25,0.00,9.71,-1.24,-0.00,9.69,9.77,-0.01,0.00,0.02,0.02
09:37:20.848,-1.21,-0.04,9.71,-1.23,-0.01,9.70,9.78,0.03,-0.03,0.01,0.04
09:37:21.100,-1.21,-0.04,9.71,-1.23,-0.02,9.70,9.78,0.02,-0.02,0.01,0.03
09:37:21.352,-1.25,-0.04,9.67,-1.23,-0.02,9.69,9.77,-0.01,-0.02,-0.02,0.03
09:37:21.605,-1.25,0.00,9.71,-1.24,-0.02,9.70,9.78,-0.01,0.02,0.01,0.02
09:37:21.857,-1.25,0.00,9.67,-1.24,-0.01,9.69,9.77,-0.01,0.01,-0.02,0.03
09:37:22.113,-1.17,0.00,9.71,-1.22,-0.01,9.70,9.77,0.05,0.01,0.01,0.06
09:37:22.365,-1.21,0.00,9.71,-1.22,-0.01,9.70,9.78,0.01,0.01,0.01,0.02
09:37:22.617,-1.25,0.00,9.67,-1.23,-0.01,9.69,9.77,-0.02,0.01,-0.02,0.03
09:37:22.873,-1.25,0.04,9.67,-1.23,0.00,9.69,9.77,-0.02,0.04,-0.02,0.04
09:37:23.125,-1.25,0.00,9.71,-1.23,0.00,9.69,9.77,-0.01,-0.00,0.02,0.02
09:37:23.377,-1.21,-0.04,9.63,-1.23,-0.01,9.68,9.76,0.02,-0.03,-0.05,0.06
09:37:23.634,-1.25,0.04,9.67,-1.23,0.00,9.68,9.76,-0.01,0.04,-0.01,0.04
09:37:23.886,-1.25,0.00,9.67,-1.24,0.00,9.68,9.76,-0.01,-0.00,-0.01,0.01
09:37:24.138,-1.21,0.00,9.67,-1.23,0.00,9.68,9.75,0.02,-0.00,-0.00,0.02
09:37:24.390,-1.25,-0.04,9.71,-1.23,-0.01,9.68,9.76,-0.01,-0.03,0.03,0.04
09:37:24.643,-1.25,0.00,9.67,-1.24,-0.01,9.68,9.76,-0.01,0.01,-0.01,0.02
09:37:24.895,-1.21,-0.04,9.67,-1.23,-0.01,9.68,9.76,0.02,-0.03,-0.01,0.04
09:37:25.147,-1.25,0.00,9.71,-1.23,-0.01,9.69,9.76,-0.01,0.01,0.03,0.03
09:37:25.401,-1.25,0.00,9.71,-1.24,-0.01,9.69,9.77,-0.01,0.01,0.02,0.02
09:37:25.653,-1.29,0.00,9.71,-1.25,-0.01,9.69,9.77,-0.04,0.01,0.02,0.04
09:37:25.905,-1.25,0.00,9.63,-1.25,-0.00,9.68,9.76,-0.00,0.00,-0.05,0.05
09:37:26.158,-1.21,0.00,9.67,-1.24,-0.00,9.68,9.76,0.03,0.00,-0.01,0.03
09:37:26.411,-1.21,-0.04,9.67,-1.23,-0.01,9.68,9.76,0.02,-0.03,-0.01,0.04
09:37:26.663,-1.25,0.00,9.71,-1.24,-0.01,9.69,9.76,-0.01,0.01,0.03,0.03
09:37:26.915,-1.25,0.00,9.63,-1.24,-0.01,9.67,9.75,-0.01,0.01,-0.04,0.04
09:37:27.168,-1.21,0.00,9.71,-1.23,-0.01,9.68,9.76,0.02,0.01,0.03,0.04
09:37:27.422,-1.21,0.00,9.71,-1.23,-0.00,9.69,9.77,0.02,0.00,0.02,0.03
09:37:27.674,-1.25,0.00,9.67,-1.23,-0.00,9.68,9.76,-0.02,0.00,-0.01,0.02
09:37:27.926,-1.25,0.00,9.71,-1.24,-0.00,9.69,9.77,-0.01,0.00,0.02,0.02
09:37:28.178,-1.25,-0.04,9.67,-1.24,-0.01,9.69,9.77,-0.01,-0.03,-0.01,0.03
09:37:28.430,-1.25,0.00,9.67,-1.24,-0.01,9.68,9.76,-0.01,0.01,-0.01,0.02
09:37:28.683,-1.25,0.00,9.67,-1.24,-0.01,9.68,9.76,-0.01,0.01,-0.01,0.01
09:37:28.935,-1.21,-0.04,9.71,-1.23,-0.01,9.69,9.77,0.03,-0.03,0.02,0.04
09:37:29.195,-1.21,0.00,9.71,-1.23,-0.01,9.69,9.77,0.02,0.01,0.02,0.03
09:37:29.447,-1.21,-0.04,9.67,-1.23,-0.02,9.69,9.77,0.02,-0.02,-0.02,0.03
09:37:29.701,-1.25,0.00,9.71,-1.23,-0.01,9.69,9.77,-0.02,0.01,0.02,0.03
09:37:29.953,-1.25,0.00,9.63,-1.23,-0.01,9.68,9.76,-0.01,0.01,-0.05,0.05
09:37:30.206,-1.21,0.00,9.67,-1.23,-0.01,9.68,9.76,0.02,0.01,-0.01,0.02
09:37:30.458,-1.25,-0.04,9.67,-1.23,-0.01,9.68,9.76,-0.02,-0.02,-0.01,0.03
09:37:30.711,-1.25,-0.04,9.71,-1.24,-0.02,9.68,9.76,-0.01,-0.02,0.03,0.04
09:37:30.963,-1.21,-0.04,9.67,-1.23,-0.02,9.68,9.76,0.02,-0.02,-0.01,0.03
09:37:31.216,-1.29,0.00,9.71,-1.24,-0.02,9.69,9.77,-0.05,0.02,0.02,0.05
09:37:31.468,-1.21,0.00,9.71,-1.24,-0.01,9.69,9.77,0.03,0.01,0.02,0.04
09:37:31.720,-1.29,0.00,9.67,-1.25,-0.01,9.69,9.77,-0.04,0.01,-0.02,0.05
09:37:31.973,-1.29,0.04,9.67,-1.25,-0.00,9.68,9.77,-0.03,0.04,-0.01,0.05
09:37:32.225,-1.25,0.00,9.71,-1.25,-0.00,9.69,9.77,0.00,0.00,0.02,0.02
09:37:32.477,-1.21,0.00,9.71,-1.24,-0.00,9.69,9.77,0.03,0.00,0.02,0.04
09:37:32.733,-1.29,0.00,9.75,-1.25,-0.00,9.71,9.79,-0.03,0.00,0.04,0.06
09:37:32.985,-1.29,0.00,9.67,-1.26,-0.00,9.70,9.78,-0.03,0.00,-0.03,0.04
09:37:33.237,-1.25,-0.04,9.75,-1.26,-0.01,9.71,9.79,0.01,-0.03,0.04,0.05
09:37:33.492,-1.21,-0.04,9.67,-1.25,-0.01,9.70,9.78,0.04,-0.02,-0.03,0.05
09:37:33.745,-1.25,-0.04,9.71,-1.25,-0.02,9.70,9.78,-0.00,-0.02,0.01,0.02
09:37:33.997,-1.25,-0.04,9.67,-1.25,-0.02,9.70,9.78,-0.00,-0.02,-0.03,0.03
09:37:34.252,-1.25,0.00,9.75,-1.25,-0.02,9.71,9.79,-0.00,0.02,0.04,0.05
09:37:34.504,-1.29,0.00,9.71,-1.26,-0.01,9.71,9.79,-0.03,0.01,0.00,0.03
09:37:34.756,-1.25,0.00,9.71,-1.25,-0.01,9.71,9.79,0.01,0.01,0.00,0.01
09:37:35.008,-1.25,-0.04,9.67,-1.25,-0.02,9.70,9.78,0.00,-0.02,-0.03,0.04
09:37:35.260,-1.21,-0.04,9.67,-1.24,-0.02,9.70,9.78,0.04,-0.02,-0.02,0.05
09:37:35.512,-1.25,0.00,9.67,-1.24,-0.02,9.69,9.77,-0.00,0.02,-0.02,0.03
09:37:35.767,-1.21,0.00,9.67,-1.24,-0.01,9.69,9.77,0.03,0.01,-0.02,0.04
09:37:36.022,-1.29,0.00,9.71,-1.25,-0.01,9.69,9.77,-0.04,0.01,0.02,0.05
09:37:36.274,-1.29,-0.04,9.67,-1.26,-0.02,9.69,9.77,-0.03,-0.02,-0.02,0.04
09:37:36.526,-1.17,-0.04,9.67,-1.24,-0.02,9.68,9.76,0.07,-0.02,-0.01,0.07
09:37:36.778,-1.25,0.00,9.67,-1.24,-0.02,9.68,9.76,-0.01,0.02,-0.01,0.02
09:37:37.031,-1.21,0.00,9.63,-1.23,-0.01,9.67,9.75,0.03,0.01,-0.04,0.05
09:37:37.283,-1.21,0.00,9.71,-1.23,-0.01,9.68,9.76,0.02,0.01,0.03,0.04
09:37:37.535,-1.21,0.00,9.67,-1.23,-0.01,9.68,9.76,0.02,0.01,-0.01,0.02
09:37:37.787,-1.21,-0.04,9.67,-1.22,-0.01,9.68,9.75,0.01,-0.02,-0.01,0.03
09:37:38.043,-1.25,0.00,9.71,-1.23,-0.01,9.68,9.76,-0.02,0.01,0.03,0.04
09:37:38.295,-1.25,0.00,9.71,-1.23,-0.01,9.69,9.77,-0.02,0.01,0.02,0.03
09:37:38.547,-1.25,0.00,9.67,-1.23,-0.01,9.69,9.76,-0.01,0.01,-0.01,0.02
09:37:38.802,-1.21,0.00,9.67,-1.23,-0.01,9.68,9.76,0.02,0.01,-0.01,0.02
09:37:39.055,-1.21,-0.04,9.71,-1.23,-0.01,9.69,9.77,0.02,-0.03,0.02,0.04
09:37:39.307,-1.21,-0.04,9.67,-1.22,-0.02,9.69,9.76,0.01,-0.02,-0.01,0.03
09:37:39.562,-1.25,0.00,9.67,-1.23,-0.01,9.68,9.76,-0.02,0.01,-0.01,0.03
09:37:39.814,-1.25,-0.04,9.67,-1.23,-0.02,9.68,9.76,-0.02,-0.02,-0.01,0.03
09:37:40.067,-1.25,0.00,9.67,-1.23,-0.02,9.68,9.76,-0.01,0.02,-0.01,0.02
09:37:40.323,-1.25,0.04,9.67,-1.24,-0.00,9.68,9.76,-0.01,0.04,-0.01,0.05
09:37:40.575,-1.21,0.00,9.63,-1.23,-0.00,9.67,9.75,0.02,0.00,-0.04,0.04
09:37:40.827,-1.25,-0.04,9.63,-1.23,-0.01,9.66,9.74,-0.01,-0.03,-0.03,0.04
09:37:41.082,-1.29,-0.04,9.71,-1.25,-0.02,9.67,9.75,-0.04,-0.02,0.04,0.06
09:37:41.334,-1.21,0.00,9.71,-1.24,-0.01,9.68,9.76,0.03,0.01,0.03,0.04
09:37:41.586,-1.21,-0.04,9.67,-1.23,-0.02,9.68,9.76,0.02,-0.02,-0.01,0.03
09:37:41.841,-1.25,0.00,9.71,-1.24,-0.01,9.68,9.76,-0.01,0.01,0.03,0.03
09:37:42.094,-1.29,0.00,9.67,-1.25,-0.01,9.68,9.76,-0.04,0.01,-0.01,0.04
09:37:42.346,-1.21,0.00,9.71,-1.24,-0.01,9.69,9.77,0.03,0.01,0.02,0.04
09:37:42.598,-1.25,0.00,9.71,-1.24,-0.01,9.69,9.77,-0.01,0.01,0.02,0.02
09:37:42.851,-1.21,-0.04,9.71,-1.23,-0.01,9.70,9.77,0.03,-0.03,0.01,0.04
09:37:43.103,-1.21,-0.04,9.79,-1.23,-0.02,9.71,9.79,0.02,-0.02,0.07,0.08
09:37:43.355,-1.25,0.00,9.71,-1.23,-0.02,9.71,9.79,-0.02,0.02,-0.00,0.02
09:37:43.608,-1.25,-0.04,9.71,-1.24,-0.02,9.71,9.79,-0.01,-0.02,-0.00,0.02
09:37:43.861,-1.25,0.00,9.63,-1.24,-0.02,9.70,9.78,-0.01,0.02,-0.06,0.07
09:37:44.113,-1.21,-0.04,9.71,-1.23,-0.02,9.70,9.78,0.02,-0.02,0.01,0.03
09:37:44.365,-1.25,0.00,9.67,-1.24,-0.02,9.69,9.77,-0.01,0.02,-0.02,0.03
09:37:44.618,-1.25,0.00,9.63,-1.24,-0.01,9.68,9.76,-0.01,0.01,-0.05,0.05
09:37:44.871,-1.25,0.00,9.67,-1.24,-0.01,9.68,9.76,-0.01,0.01,-0.01,0.02
09:37:45.123,-1.25,0.04,9.71,-1.24,-0.00,9.69,9.77,-0.01,0.04,0.02,0.05
09:37:45.375,-1.25,-0.04,9.71,-1.24,-0.01,9.69,9.77,-0.01,-0.03,0.02,0.04
09:37:45.628,-1.25,0.00,9.71,-1.24,-0.01,9.70,9.77,-0.00,0.01,0.02,0.02
09:37:45.881,-1.25,-0.04,9.71,-1.24,-0.01,9.70,9.78,-0.00,-0.03,0.01,0.03
09:37:46.135,-1.25,0.00,9.67,-1.25,-0.01,9.69,9.77,-0.00,0.01,-0.02,0.02
09:37:46.387,-1.25,0.00,9.67,-1.25,-0.01,9.69,9.77,-0.00,0.01,-0.02,0.02
09:37:46.643,-1.25,0.00,9.71,-1.25,-0.01,9.69,9.77,-0.00,0.01,0.02,0.02
09:37:46.902,-1.25,-0.04,9.67,-1.25,-0.01,9.69,9.77,-0.00,-0.03,-0.02,0.03
09:37:47.154,-1.21,0.00,9.67,-1.24,-0.01,9.69,9.76,0.03,0.01,-0.01,0.03
09:37:47.407,-1.25,0.00,9.71,-1.24,-0.01,9.69,9.77,-0.01,0.01,0.02,0.02
09:37:47.663,-1.25,-0.04,9.71,-1.24,-0.01,9.69,9.77,-0.01,-0.02,0.02,0.03
09:37:47.915,-1.21,-0.04,9.71,-1.24,-0.02,9.70,9.78,0.03,-0.02,0.01,0.04
09:37:48.167,-1.25,0.00,9.75,-1.24,-0.02,9.71,9.79,-0.01,0.02,0.04,0.05
09:37:48.422,-1.25,-0.04,9.67,-1.24,-0.02,9.70,9.78,-0.01,-0.02,-0.03,0.04
09:37:48.675,-1.25,0.00,9.67,-1.24,-0.02,9.70,9.77,-0.01,0.02,-0.02,0.03
09:37:48.927,-1.25,0.00,9.71,-1.24,-0.01,9.70,9.78,-0.01,0.01,0.01,0.02
09:37:49.183,-1.21,0.00,9.75,-1.24,-0.01,9.71,9.79,0.03,0.01,0.04,0.05
09:37:49.435,-1.21,0.04,9.71,-1.23,-0.00,9.71,9.79,0.02,0.04,0.00,0.05
09:37:49.687,-1.25,0.00,9.71,-1.23,-0.00,9.71,9.79,-0.01,0.00,0.00,0.01
09:37:49.941,-1.25,0.04,9.63,-1.24,0.01,9.69,9.77,-0.01,0.03,-0.06,0.07
09:37:50.197,-1.29,0.00,9.71,-1.25,0.01,9.70,9.78,-0.04,-0.01,0.01,0.04
09:37:50.453,-1.21,-0.04,9.71,-1.24,-0.00,9.70,9.78,0.03,-0.04,0.01,0.05
09:37:50.705,-1.21,0.00,9.71,-1.23,-0.00,9.70,9.78,0.02,0.00,0.01,0.03
09:37:50.957,-1.25,0.00,9.67,-1.24,-0.00,9.70,9.77,-0.01,0.00,-0.02,0.03
09:37:51.213,-1.21,-0.04,9.71,-1.23,-0.01,9.70,9.78,0.02,-0.03,0.01,0.04
09:37:51.465,-1.21,0.00,9.67,-1.23,-0.01,9.69,9.77,0.02,0.01,-0.02,0.03
09:37:51.717,-1.21,0.00,9.71,-1.22,-0.01,9.70,9.77,0.01,0.01,0.01,0.02
09:37:51.973,-1.25,0.00,9.67,-1.23,-0.00,9.69,9.77,-0.02,0.00,-0.02,0.03
09:37:52.225,-1.29,-0.04,9.67,-1.24,-0.01,9.69,9.77,-0.05,-0.03,-0.02,0.06
09:37:52.477,-1.25,0.00,9.67,-1.24,-0.01,9.68,9.76,-0.01,0.01,-0.01,0.02
09:37:52.733,-1.17,-0.04,9.71,-1.23,-0.02,9.69,9.77,0.06,-0.02,0.02,0.07
09:37:52.985,-1.25,0.00,9.63,-1.23,-0.01,9.68,9.76,-0.02,0.01,-0.05,0.05
09:37:53.237,-1.25,0.00,9.67,-1.23,-0.01,9.68,9.76,-0.01,0.01,-0.01,0.02
09:37:53.493,-1.25,0.00,9.71,-1.24,-0.01,9.68,9.76,-0.01,0.01,0.03,0.03
09:37:53.745,-1.21,0.00,9.71,-1.23,-0.01,9.69,9.77,0.02,0.01,0.02,0.03
09:37:53.997,-1.21,-0.04,9.67,-1.23,-0.01,9.69,9.76,0.02,-0.03,-0.01,0.03
09:37:54.253,-1.25,0.00,9.71,-1.23,-0.01,9.69,9.77,-0.02,0.01,0.02,0.03
09:37:54.505,-1.25,0.00,9.67,-1.23,-0.01,9.69,9.77,-0.01,0.01,-0.02,0.02
09:37:54.758,-1.21,0.00,9.67,-1.23,-0.01,9.68,9.76,0.02,0.01,-0.01,0.02
09:37:55.011,-1.17,0.00,9.71,-1.22,-0.01,9.69,9.77,0.05,0.01,0.02,0.05
09:37:55.263,-1.29,0.00,9.71,-1.23,-0.00,9.69,9.77,-0.06,0.00,0.02,0.06
09:37:55.515,-1.17,0.00,9.67,-1.22,-0.00,9.69,9.77,0.05,0.00,-0.02,0.05
09:37:55.768,-1.21,-0.04,9.63,-1.22,-0.01,9.68,9.75,0.01,-0.03,-0.05,0.05
09:37:56.021,-1.21,-0.04,9.71,-1.22,-0.02,9.68,9.76,0.01,-0.02,0.03,0.04
09:37:56.275,-1.25,0.00,9.71,-1.22,-0.01,9.69,9.77,-0.03,0.01,0.02,0.04
09:37:56.527,-1.21,0.00,9.67,-1.22,-0.01,9.69,9.76,0.01,0.01,-0.01,0.02
09:37:56.783,-1.21,0.00,9.63,-1.22,-0.01,9.68,9.75,0.01,0.01,-0.04,0.04
09:37:57.035,-1.21,0.00,9.71,-1.22,-0.01,9.68,9.76,0.01,0.01,0.03,0.03
09:37:57.287,-1.25,0.00,9.71,-1.22,-0.01,9.69,9.77,-0.03,0.01,0.02,0.03
09:37:57.542,-1.21,-0.04,9.71,-1.22,-0.01,9.69,9.77,0.01,-0.03,0.02,0.03
09:37:57.794,-1.25,0.00,9.67,-1.23,-0.01,9.69,9.77,-0.02,0.01,-0.02,0.03
09:37:58.046,-1.25,0.00,9.67,-1.23,-0.01,9.69,9.76,-0.02,0.01,-0.01,0.02
09:37:58.300,-1.21,-0.04,9.75,-1.23,-0.01,9.70,9.78,0.02,-0.03,0.05,0.06
09:37:58.553,-1.29,0.00,9.71,-1.24,-0.01,9.70,9.78,-0.05,0.01,0.01,0.05
09:37:58.805,-1.25,-0.04,9.67,-1.24,-0.02,9.70,9.77,-0.01,-0.02,-0.02,0.03
09:37:59.057,-1.25,0.00,9.63,-1.24,-0.01,9.68,9.76,-0.01,0.01,-0.05,0.05
09:37:59.313,-1.25,0.00,9.67,-1.24,-0.01,9.68,9.76,-0.01,0.01,-0.01,0.01
09:37:59.565,-1.25,0.00,9.71,-1.24,-0.01,9.69,9.77,-0.00,0.01,0.02,0.03
09:37:59.817,-1.25,0.00,9.67,-1.24,-0.01,9.68,9.76,-0.00,0.01,-0.01,0.01
09:38:00.071,-1.21,0.00,9.67,-1.24,-0.01,9.68,9.76,0.03,0.01,-0.01,0.03
09:38:00.325,-1.25,0.00,9.67,-1.24,-0.00,9.68,9.76,-0.01,0.00,-0.01,0.01
09:38:00.577,-1.25,0.00,9.71,-1.24,-0.00,9.69,9.77,-0.01,0.00,0.03,0.03
09:38:00.833,-1.25,0.00,9.67,-1.24,-0.00,9.68,9.76,-0.01,0.00,-0.01,0.01
09:38:01.085,-1.25,0.00,9.71,-1.24,-0.00,9.69,9.77,-0.00,0.00,0.02,0.02
09:38:01.338,-1.21,-0.04,9.71,-1.24,-0.01,9.69,9.77,0.03,-0.03,0.02,0.04
09:38:01.591,-1.25,0.00,9.67,-1.24,-0.01,9.69,9.77,-0.01,0.01,-0.02,0.02
09:38:01.843,-1.25,-0.04,9.67,-1.24,-0.01,9.69,9.76,-0.01,-0.03,-0.01,0.03
09:38:02.095,-1.21,-0.08,9.71,-1.23,-0.03,9.69,9.77,0.03,-0.05,0.02,0.06
09:38:02.352,-1.25,-0.04,9.71,-1.24,-0.03,9.69,9.77,-0.01,-0.01,0.02,0.02
09:38:02.604,-1.25,0.00,9.67,-1.24,-0.02,9.69,9.77,-0.01,0.02,-0.02,0.03
09:38:02.857,-1.25,0.00,9.71,-1.24,-0.02,9.69,9.77,-0.01,0.02,0.02,0.03
09:38:03.112,-1.25,0.00,9.63,-1.24,-0.01,9.68,9.76,-0.01,0.01,-0.05,0.05
09:38:03.364,-1.25,0.00,9.67,-1.24,-0.01,9.68,9.76,-0.00,0.01,-0.01,0.02
09:38:03.616,-1.29,0.04,9.71,-1.25,-0.00,9.69,9.77,-0.03,0.04,0.02,0.06
09:38:03.868,-1.25,0.00,9.71,-1.25,-0.00,9.69,9.77,0.00,0.00,0.02,0.02
09:38:04.121,-1.25,0.00,9.67,-1.25,-0.00,9.69,9.77,0.00,0.00,-0.02,0.02
09:38:04.373,-1.25,-0.04,9.71,-1.25,-0.01,9.69,9.77,0.00,-0.03,0.02,0.04
09:38:04.625,-1.21,0.00,9.67,-1.24,-0.01,9.69,9.77,0.03,0.01,-0.02,0.04
09:38:04.877,-1.21,0.00,9.67,-1.24,-0.01,9.68,9.76,0.03,0.01,-0.01,0.03
09:38:05.133,-1.21,0.00,9.71,-1.23,-0.00,9.69,9.77,0.02,0.00,0.02,0.03
09:38:05.385,-1.21,0.00,9.71,-1.23,-0.00,9.69,9.77,0.02,0.00,0.02,0.02
09:38:05.638,-1.17,-0.04,9.71,-1.21,-0.01,9.70,9.77,0.04,-0.03,0.01,0.05
09:38:05.890,-1.25,0.00,9.67,-1.22,-0.01,9.69,9.77,-0.03,0.01,-0.02,0.03
09:38:06.143,-1.25,0.00,9.67,-1.23,-0.01,9.69,9.77,-0.02,0.01,-0.02,0.03
09:38:06.435,-1.29,0.00,9.71,-1.24,-0.01,9.69,9.77,-0.05,0.01,0.02,0.05
09:38:06.687,-1.21,0.00,9.71,-1.23,-0.00,9.70,9.77,0.02,0.00,0.01,0.03
09:38:06.944,-1.21,0.00,9.67,-1.23,-0.00,9.69,9.77,0.02,0.00,-0.02,0.03
09:38:07.196,-1.21,0.00,9.71,-1.22,-0.00,9.70,9.77,0.02,0.00,0.02,0.02
09:38:07.452,-1.21,0.00,9.71,-1.22,-0.00,9.70,9.78,0.01,0.00,0.01,0.02
09:38:07.705,-1.25,0.00,9.67,-1.23,-0.00,9.69,9.77,-0.02,0.00,-0.02,0.03
09:38:07.957,-1.25,0.00,9.71,-1.23,-0.00,9.70,9.77,-0.02,0.00,0.01,0.02
09:38:08.213,-1.25,-0.04,9.67,-1.23,-0.01,9.69,9.77,-0.01,-0.03,-0.02,0.04
09:38:08.465,-1.25,0.00,9.71,-1.24,-0.01,9.70,9.77,-0.01,0.01,0.02,0.02
09:38:08.717,-1.17,0.00,9.71,-1.22,-0.01,9.70,9.78,0.05,0.01,0.01,0.06
09:38:08.973,-1.25,0.00,9.67,-1.23,-0.00,9.69,9.77,-0.02,0.00,-0.02,0.03
09:38:09.225,-1.21,-0.04,9.71,-1.22,-0.01,9.70,9.77,0.02,-0.03,0.01,0.03
09:38:09.477,-1.29,0.04,9.71,-1.24,-0.00,9.70,9.78,-0.05,0.04,0.01,0.07
09:38:09.733,-1.25,-0.04,9.67,-1.24,-0.01,9.69,9.77,-0.01,-0.03,-0.02,0.04
09:38:09.985,-1.21,0.00,9.71,-1.23,-0.01,9.70,9.78,0.02,0.01,0.01,0.03
09:38:10.237,-1.21,0.00,9.67,-1.23,-0.01,9.69,9.77,0.02,0.01,-0.02,0.03
09:38:10.493,-1.21,0.00,9.67,-1.22,-0.00,9.69,9.77,0.02,0.00,-0.02,0.02
09:38:10.745,-1.25,-0.04,9.71,-1.23,-0.01,9.69,9.77,-0.02,-0.03,0.02,0.04
09:38:10.997,-1.25,0.00,9.67,-1.23,-0.01,9.69,9.77,-0.02,0.01,-0.02,0.02
09:38:11.253,-1.25,0.00,9.67,-1.24,-0.01,9.69,9.76,-0.01,0.01,-0.01,0.02
09:38:11.505,-1.29,0.00,9.67,-1.25,-0.01,9.68,9.76,-0.04,0.01,-0.01,0.04
09:38:11.757,-1.25,0.00,9.71,-1.25,-0.00,9.69,9.77,-0.00,0.00,0.02,0.02
09:38:12.012,-1.25,-0.04,9.67,-1.25,-0.01,9.69,9.77,-0.00,-0.03,-0.01,0.03
09:38:12.264,-1.21,0.00,9.67,-1.24,-0.01,9.68,9.76,0.03,0.01,-0.01,0.03
09:38:12.516,-1.25,0.00,9.71,-1.24,-0.01,9.69,9.77,-0.01,0.01,0.02,0.02
09:38:12.770,-1.29,0.00,9.71,-1.25,-0.01,9.69,9.77,-0.04,0.01,0.02,0.04
09:38:13.022,-1.25,-0.04,9.63,-1.25,-0.01,9.68,9.76,0.00,-0.03,-0.05,0.05
09:38:13.274,-1.25,0.00,9.71,-1.25,-0.01,9.69,9.77,0.00,0.01,0.02,0.03
09:38:13.526,-1.21,-0.04,9.75,-1.24,-0.02,9.70,9.78,0.03,-0.02,0.05,0.06
09:38:13.782,-1.29,0.00,9.67,-1.25,-0.01,9.69,9.77,-0.04,0.01,-0.02,0.04
09:38:14.034,-1.25,0.00,9.67,-1.25,-0.01,9.69,9.77,0.00,0.01,-0.02,0.02
09:38:14.286,-1.21,0.00,9.71,-1.24,-0.01,9.69,9.77,0.03,0.01,0.02,0.04
09:38:14.538,-1.25,0.00,9.71,-1.24,-0.01,9.70,9.78,-0.00,0.01,0.01,0.02
09:38:14.791,-1.21,-0.04,9.67,-1.24,-0.01,9.69,9.77,0.03,-0.03,-0.02,0.04
09:38:15.043,-1.25,0.00,9.67,-1.24,-0.01,9.69,9.77,-0.01,0.01,-0.02,0.02
09:38:15.295,-1.21,0.00,9.71,-1.23,-0.01,9.69,9.77,0.02,0.01,0.02,0.03
09:38:15.547,-1.25,0.00,9.71,-1.24,-0.01,9.70,9.77,-0.01,0.01,0.01,0.02
09:38:15.802,-1.21,0.00,9.71,-1.23,-0.01,9.70,9.78,0.02,0.01,0.01,0.02
09:38:16.055,-1.25,-0.04,9.67,-1.23,-0.01,9.69,9.77,-0.01,-0.03,-0.02,0.04
09:38:16.307,-1.25,0.00,9.71,-1.24,-0.01,9.70,9.78,-0.01,0.01,0.01,0.02
09:38:16.563,-1.25,0.04,9.71,-1.24,0.00,9.70,9.78,-0.01,0.04,0.01,0.04
09:38:16.815,-1.29,0.00,9.71,-1.25,0.00,9.70,9.78,-0.04,-0.00,0.01,0.04
09:38:17.067,-1.21,0.00,9.67,-1.24,0.00,9.70,9.78,0.03,-0.00,-0.02,0.04
09:38:17.321,-1.25,-0.04,9.67,-1.24,-0.01,9.69,9.77,-0.01,-0.03,-0.02,0.04
09:38:17.573,-1.25,-0.04,9.67,-1.24,-0.01,9.69,9.77,-0.00,-0.02,-0.02,0.03
09:38:17.825,-1.25,0.00,9.75,-1.24,-0.01,9.70,9.78,-0.00,0.01,0.05,0.05
09:38:18.077,-1.25,-0.04,9.75,-1.24,-0.02,9.71,9.79,-0.00,-0.02,0.04,0.05
09:38:18.331,-1.25,0.00,9.67,-1.25,-0.01,9.70,9.78,-0.00,0.01,-0.03,0.03
09:38:18.585,-1.25,0.00,9.67,-1.25,-0.01,9.70,9.78,-0.00,0.01,-0.02,0.03
09:38:18.837,-1.29,0.00,9.71,-1.25,-0.01,9.70,9.78,-0.03,0.01,0.01,0.04
09:38:19.093,-1.21,0.00,9.71,-1.25,-0.01,9.70,9.78,0.04,0.01,0.01,0.04
09:38:19.345,-1.21,-0.04,9.71,-1.24,-0.01,9.70,9.78,0.03,-0.03,0.01,0.04
09:38:19.597,-1.25,0.00,9.71,-1.24,-0.01,9.70,9.78,-0.01,0.01,0.01,0.01
09:38:19.854,-1.21,-0.04,9.71,-1.23,-0.02,9.71,9.78,0.02,-0.02,0.00,0.03
09:38:20.106,-1.21,-0.04,9.71,-1.23,-0.02,9.71,9.78,0.02,-0.02,0.00,0.03
09:38:20.362,-1.25,-0.04,9.75,-1.23,-0.02,9.72,9.79,-0.02,-0.01,0.03,0.04
09:38:20.614,-1.21,0.00,9.67,-1.23,-0.02,9.71,9.78,0.02,0.02,-0.03,0.04
09:38:20.866,-1.25,-0.04,9.67,-1.23,-0.02,9.70,9.78,-0.02,-0.02,-0.03,0.04
09:38:21.118,-1.21,0.00,9.67,-1.23,-0.02,9.69,9.77,0.02,0.02,-0.02,0.03
09:38:21.370,-1.21,-0.04,9.71,-1.22,-0.02,9.70,9.77,0.01,-0.02,0.01,0.03
09:38:21.624,-1.21,-0.04,9.71,-1.22,-0.03,9.70,9.78,0.01,-0.01,0.01,0.02
09:38:21.877,-1.29,0.00,9.67,-1.23,-0.02,9.69,9.77,-0.05,0.02,-0.02,0.06
09:38:22.133,-1.21,-0.04,9.67,-1.23,-0.02,9.69,9.77,0.02,-0.01,-0.02,0.03
09:38:22.386,-1.25,0.00,9.75,-1.23,-0.02,9.70,9.78,-0.02,0.02,0.05,0.05
09:38:22.641,-1.25,0.00,9.67,-1.24,-0.02,9.70,9.77,-0.01,0.02,-0.02,0.03
09:38:22.893,-1.29,0.00,9.75,-1.25,-0.01,9.71,9.79,-0.04,0.01,0.04,0.06
09:38:23.145,-1.21,0.00,9.67,-1.24,-0.01,9.70,9.78,0.03,0.01,-0.03,0.04
09:38:23.397,-1.25,0.00,9.67,-1.24,-0.01,9.69,9.77,-0.01,0.01,-0.02,0.02
09:38:23.656,-1.21,0.00,9.67,-1.23,-0.01,9.69,9.77,0.03,0.01,-0.02,0.03
09:38:23.908,-1.21,0.00,9.67,-1.23,-0.01,9.69,9.76,0.02,0.01,-0.01,0.03
09:38:24.160,-1.21,-0.04,9.67,-1.23,-0.01,9.68,9.76,0.02,-0.03,-0.01,0.03
09:38:24.413,-1.17,-0.04,9.67,-1.21,-0.02,9.68,9.76,0.04,-0.02,-0.01,0.05
09:38:24.665,-1.21,0.00,9.67,-1.21,-0.01,9.68,9.76,0.00,0.01,-0.01,0.02
09:38:24.917,-1.21,0.00,9.71,-1.21,-0.01,9.69,9.76,0.00,0.01,0.03,0.03
09:38:25.175,-1.25,-0.04,9.67,-1.22,-0.02,9.68,9.76,-0.03,-0.02,-0.01,0.04
09:38:25.427,-1.25,-0.04,9.75,-1.23,-0.02,9.70,9.77,-0.02,-0.02,0.05,0.06
09:38:25.685,-1.21,-0.04,9.71,-1.22,-0.02,9.70,9.78,0.01,-0.01,0.01,0.02
09:38:25.937,-1.25,0.00,9.67,-1.23,-0.02,9.69,9.77,-0.02,0.02,-0.02,0.04
09:38:26.194,-1.25,0.00,9.71,-1.23,-0.02,9.70,9.78,-0.02,0.02,0.01,0.03
09:38:26.447,-1.25,0.00,9.71,-1.23,-0.01,9.70,9.78,-0.01,0.01,0.01,0.02
09:38:26.703,-1.25,0.00,9.67,-1.24,-0.01,9.69,9.77,-0.01,0.01,-0.02,0.03
09:38:26.955,-1.25,0.00,9.67,-1.24,-0.01,9.69,9.77,-0.01,0.01,-0.02,0.02
09:38:27.207,-1.17,0.00,9.71,-1.23,-0.01,9.69,9.77,0.06,0.01,0.02,0.06
09:38:27.462,-1.25,0.00,9.67,-1.23,-0.01,9.69,9.77,-0.02,0.01,-0.02,0.03
09:38:27.715,-1.29,0.00,9.67,-1.24,-0.00,9.69,9.77,-0.05,0.00,-0.01,0.05
09:38:27.967,-1.25,0.00,9.71,-1.24,-0.00,9.69,9.77,-0.01,0.00,0.02,0.02
09:38:28.222,-1.25,-0.04,9.71,-1.24,-0.01,9.70,9.77,-0.00,-0.03,0.02,0.03
09:38:28.475,-1.25,0.00,9.67,-1.24,-0.01,9.69,9.77,-0.00,0.01,-0.02,0.02
09:38:28.727,-1.25,0.00,9.71,-1.25,-0.01,9.69,9.77,-0.00,0.01,0.02,0.02
09:38:28.983,-1.25,0.00,9.59,-1.25,-0.01,9.67,9.75,-0.00,0.01,-0.08,0.08
09:38:29.235,-1.29,0.00,9.67,-1.25,-0.00,9.67,9.75,-0.03,0.00,-0.00,0.03
09:38:29.487,-1.21,-0.04,9.67,-1.25,-0.01,9.67,9.75,0.04,-0.03,-0.00,0.05
09:38:29.743,-1.25,0.00,9.67,-1.25,-0.01,9.67,9.75,-0.00,0.01,-0.00,0.01
09:38:29.995,-1.29,0.00,9.71,-1.25,-0.01,9.68,9.76,-0.03,0.01,0.03,0.05
09:38:30.247,-1.25,0.00,9.63,-1.25,-0.01,9.67,9.75,0.00,0.01,-0.04,0.04
09:38:30.503,-1.25,0.00,9.67,-1.25,-0.00,9.67,9.75,0.00,0.00,0.00,0.01
09:38:30.755,-1.25,0.00,9.71,-1.25,-0.00,9.68,9.76,0.00,0.00,0.03,0.03
09:38:31.007,-1.17,0.00,9.71,-1.23,-0.00,9.69,9.76,0.06,0.00,0.03,0.07
09:38:31.261,-1.25,0.00,9.75,-1.24,-0.00,9.70,9.78,-0.01,0.00,0.05,0.05
09:38:31.513,-1.17,-0.04,9.67,-1.22,-0.01,9.69,9.77,0.05,-0.03,-0.02,0.06
09:38:31.765,-1.21,0.04,9.67,-1.22,0.00,9.69,9.77,0.01,0.04,-0.02,0.04
09:38:32.017,-1.25,0.00,9.75,-1.23,0.00,9.70,9.78,-0.02,-0.00,0.05,0.05
09:38:32.271,-1.21,0.00,9.71,-1.22,0.00,9.70,9.78,0.01,-0.00,0.01,0.02
09:38:32.524,-1.21,0.00,9.67,-1.22,0.00,9.70,9.77,0.01,-0.00,-0.02,0.03
09:38:32.776,-1.33,0.00,9.71,-1.24,0.00,9.70,9.78,-0.08,-0.00,0.01,0.09
09:38:33.028,-1.25,0.00,9.67,-1.24,0.00,9.69,9.77,-0.01,-0.00,-0.02,0.02
09:38:33.280,-1.25,-0.04,9.67,-1.24,-0.01,9.69,9.77,-0.00,-0.03,-0.02,0.04
09:38:33.533,-1.29,0.00,9.67,-1.25,-0.01,9.69,9.77,-0.03,0.01,-0.01,0.04
09:38:33.785,-1.25,-0.04,9.67,-1.25,-0.01,9.68,9.76,0.00,-0.03,-0.01,0.03
09:38:34.037,-1.29,-0.04,9.71,-1.26,-0.02,9.69,9.77,-0.03,-0.02,0.02,0.04
09:38:34.292,-1.25,-0.04,9.71,-1.26,-0.02,9.69,9.77,0.01,-0.02,0.02,0.03
09:38:34.545,-1.21,0.00,9.71,-1.25,-0.02,9.70,9.78,0.04,0.02,0.01,0.04
09:38:34.797,-1.21,-0.08,9.71,-1.24,-0.03,9.70,9.78,0.03,-0.05,0.01,0.06
09:38:35.053,-1.29,0.00,9.71,-1.25,-0.02,9.70,9.78,-0.04,0.02,0.01,0.05
09:38:35.305,-1.25,0.00,9.67,-1.25,-0.02,9.70,9.78,0.00,0.02,-0.02,0.03
09:38:35.557,-1.21,0.00,9.67,-1.24,-0.02,9.69,9.77,0.03,0.02,-0.02,0.04
09:38:35.813,-1.21,0.00,9.67,-1.23,-0.01,9.69,9.77,0.03,0.01,-0.02,0.03
09:38:36.066,-1.25,0.00,9.67,-1.24,-0.01,9.68,9.76,-0.01,0.01,-0.01,0.02
09:38:36.318,-1.25,0.00,9.67,-1.24,-0.01,9.68,9.76,-0.01,0.01,-0.01,0.02
09:38:36.571,-1.25,0.00,9.67,-1.24,-0.01,9.68,9.76,-0.01,0.01,-0.01,0.01
09:38:36.826,-1.25,0.00,9.67,-1.24,-0.01,9.68,9.76,-0.01,0.01,-0.01,0.01
09:38:37.078,-1.29,0.00,9.67,-1.25,-0.00,9.68,9.76,-0.04,0.00,-0.01,0.04
09:38:37.330,-1.25,-0.04,9.71,-1.25,-0.01,9.68,9.76,0.00,-0.03,0.03,0.04
09:38:37.583,-1.21,-0.04,9.67,-1.24,-0.02,9.68,9.76,0.03,-0.02,-0.01,0.04
09:38:37.835,-1.21,0.00,9.71,-1.24,-0.01,9.69,9.77,0.03,0.01,0.02,0.04
09:38:38.087,-1.21,-0.04,9.71,-1.23,-0.02,9.69,9.77,0.02,-0.02,0.02,0.04
09:38:38.343,-1.25,-0.04,9.67,-1.23,-0.02,9.69,9.77,-0.01,-0.02,-0.02,0.03
09:38:38.595,-1.25,0.00,9.63,-1.24,-0.02,9.68,9.76,-0.01,0.02,-0.04,0.05
09:38:38.847,-1.21,-0.04,9.67,-1.23,-0.02,9.68,9.75,0.02,-0.02,-0.00,0.03
09:38:39.102,-1.25,0.00,9.67,-1.23,-0.02,9.68,9.75,-0.01,0.02,-0.00,0.02
09:38:39.354,-1.25,0.04,9.67,-1.24,-0.01,9.67,9.75,-0.01,0.05,-0.00,0.05
09:38:39.606,-1.21,0.00,9.67,-1.23,-0.01,9.67,9.75,0.02,0.01,-0.00,0.02
09:38:39.862,-1.25,-0.04,9.63,-1.23,-0.01,9.67,9.74,-0.01,-0.03,-0.03,0.04
09:38:40.114,-1.25,0.00,9.71,-1.24,-0.01,9.67,9.75,-0.01,0.01,0.04,0.04
09:38:40.366,-1.25,0.00,9.75,-1.24,-0.01,9.69,9.77,-0.01,0.01,0.06,0.06
09:38:40.620,-1.29,0.00,9.71,-1.25,-0.01,9.69,9.77,-0.04,0.01,0.02,0.04
09:38:40.873,-1.21,-0.04,9.67,-1.24,-0.01,9.69,9.77,0.03,-0.03,-0.02,0.05
09:38:41.125,-1.25,0.00,9.75,-1.24,-0.01,9.70,9.78,-0.01,0.01,0.05,0.05
09:38:41.377,-1.29,-0.04,9.63,-1.25,-0.02,9.69,9.77,-0.04,-0.02,-0.06,0.07
09:38:41.633,-1.21,0.00,9.75,-1.24,-0.01,9.70,9.78,0.03,0.01,0.05,0.06
09:38:41.885,-1.25,-0.04,9.67,-1.24,-0.02,9.69,9.77,-0.00,-0.02,-0.02,0.03
09:38:42.137,-1.25,0.00,9.71,-1.24,-0.01,9.70,9.78,-0.00,0.01,0.01,0.02
09:38:42.392,-1.21,0.00,9.67,-1.24,-0.01,9.69,9.77,0.03,0.01,-0.02,0.04
09:38:42.645,-1.25,-0.04,9.67,-1.24,-0.02,9.69,9.77,-0.01,-0.02,-0.02,0.03
09:38:42.897,-1.25,0.00,9.71,-1.24,-0.01,9.69,9.77,-0.01,0.01,0.02,0.02
09:38:43.152,-1.21,-0.04,9.75,-1.23,-0.02,9.70,9.78,0.03,-0.02,0.05,0.06
09:38:43.404,-1.21,0.04,9.71,-1.23,-0.01,9.71,9.78,0.02,0.05,0.01,0.05
09:38:43.656,-1.21,0.00,9.71,-1.23,-0.01,9.71,9.78,0.02,0.01,0.00,0.02
09:38:43.911,-1.25,0.00,9.63,-1.23,-0.00,9.69,9.77,-0.02,0.00,-0.06,0.06
09:38:44.164,-1.21,0.00,9.71,-1.23,-0.00,9.70,9.77,0.02,0.00,0.02,0.02
09:38:44.416,-1.25,-0.04,9.71,-1.23,-0.01,9.70,9.78,-0.02,-0.03,0.01,0.04
09:38:44.668,-1.21,0.00,9.67,-1.23,-0.01,9.69,9.77,0.02,0.01,-0.02,0.03
09:38:44.921,-1.25,-0.04,9.63,-1.23,-0.01,9.68,9.76,-0.02,-0.02,-0.05,0.06
09:38:45.173,-1.25,0.00,9.71,-1.23,-0.01,9.69,9.77,-0.01,0.01,0.02,0.03
09:38:45.425,-1.21,0.00,9.63,-1.23,-0.01,9.68,9.75,0.02,0.01,-0.04,0.05
09:38:45.677,-1.21,-0.04,9.75,-1.22,-0.02,9.69,9.77,0.02,-0.02,0.06,0.07
09:38:45.931,-1.25,0.00,9.67,-1.23,-0.01,9.69,9.77,-0.02,0.01,-0.02,0.03
09:38:46.183,-1.21,0.00,9.67,-1.23,-0.01,9.68,9.76,0.02,0.01,-0.01,0.02
09:38:46.435,-1.21,0.00,9.63,-1.22,-0.01,9.67,9.75,0.01,0.01,-0.04,0.04
09:38:46.687,-1.21,-0.04,9.63,-1.22,-0.01,9.67,9.74,0.01,-0.02,-0.03,0.04
09:38:46.941,-1.21,-0.04,9.71,-1.22,-0.02,9.67,9.75,0.01,-0.02,0.04,0.04
09:38:47.198,-1.17,0.00,9.67,-1.21,-0.02,9.67,9.75,0.04,0.02,-0.00,0.04
09:38:47.451,-1.25,0.00,9.71,-1.22,-0.01,9.68,9.76,-0.03,0.01,0.03,0.05
09:38:47.703,-1.21,0.00,9.75,-1.21,-0.01,9.70,9.77,0.01,0.01,0.05,0.06
09:38:47.955,-1.29,0.00,9.67,-1.23,-0.01,9.69,9.77,-0.06,0.01,-0.02,0.06
09:38:48.208,-1.29,0.00,9.71,-1.24,-0.01,9.69,9.77,-0.05,0.01,0.02,0.05
09:38:48.461,-1.25,0.00,9.67,-1.24,-0.00,9.69,9.77,-0.01,0.00,-0.02,0.02
09:38:48.713,-1.25,-0.04,9.67,-1.24,-0.01,9.69,9.77,-0.00,-0.03,-0.01,0.03
09:38:48.965,-1.25,-0.04,9.75,-1.24,-0.02,9.70,9.78,-0.00,-0.02,0.05,0.06
09:38:49.217,-1.25,0.00,9.67,-1.24,-0.01,9.69,9.77,-0.00,0.01,-0.02,0.03
09:38:49.474,-1.29,0.00,9.71,-1.25,-0.01,9.70,9.78,-0.03,0.01,0.01,0.04
09:38:49.726,-1.17,0.00,9.71,-1.24,-0.01,9.70,9.78,0.07,0.01,0.01,0.07
09:38:49.978,-1.25,0.00,9.63,-1.24,-0.01,9.69,9.77,-0.01,0.01,-0.05,0.05
09:38:50.234,-1.21,0.00,9.75,-1.23,-0.01,9.70,9.78,0.02,0.01,0.05,0.06
09:38:50.486,-1.21,0.00,9.67,-1.23,-0.00,9.69,9.77,0.02,0.00,-0.02,0.03
09:38:50.738,-1.21,0.00,9.67,-1.22,-0.00,9.69,9.77,0.02,0.00,-0.02,0.02
09:38:50.990,-1.21,0.00,9.71,-1.22,-0.00,9.69,9.77,0.01,0.00,0.02,0.02
09:38:51.244,-1.21,0.00,9.67,-1.22,-0.00,9.69,9.77,0.01,0.00,-0.02,0.02
09:38:51.496,-1.21,0.00,9.71,-1.22,-0.00,9.69,9.77,0.01,0.00,0.02,0.02
09:38:51.750,-1.25,0.00,9.75,-1.22,-0.00,9.70,9.78,-0.02,0.00,0.05,0.05
09:38:52.002,-1.21,-0.04,9.63,-1.22,-0.01,9.69,9.77,0.01,-0.03,-0.06,0.07
09:38:52.255,-1.21,0.00,9.71,-1.22,-0.01,9.69,9.77,0.01,0.01,0.02,0.02
09:38:52.507,-1.29,0.00,9.67,-1.23,-0.01,9.69,9.77,-0.06,0.01,-0.02,0.06
09:38:52.763,-1.21,0.00,9.67,-1.23,-0.00,9.69,9.76,0.02,0.00,-0.01,0.02
09:38:53.015,-1.21,0.00,9.71,-1.22,-0.00,9.69,9.77,0.01,0.00,0.02,0.02
09:38:53.272,-1.21,-0.04,9.63,-1.22,-0.01,9.68,9.76,0.01,-0.03,-0.05,0.06
09:38:53.524,-1.25,0.00,9.71,-1.23,-0.01,9.69,9.76,-0.02,0.01,0.03,0.03
09:38:53.776,-1.25,0.00,9.67,-1.23,-0.01,9.68,9.76,-0.02,0.01,-0.01,0.02
09:38:54.031,-1.25,0.00,9.67,-1.23,-0.01,9.68,9.76,-0.01,0.01,-0.01,0.02
09:38:54.287,-1.25,0.00,9.67,-1.24,-0.00,9.68,9.76,-0.01,0.00,-0.01,0.01
09:38:54.542,-1.21,0.00,9.67,-1.23,-0.00,9.68,9.76,0.02,0.00,-0.01,0.02
09:38:54.794,-1.25,0.00,9.71,-1.23,-0.00,9.68,9.76,-0.01,0.00,0.03,0.03
09:38:55.046,-1.25,0.00,9.71,-1.24,-0.00,9.69,9.77,-0.01,0.00,0.02,0.02
09:38:55.303,-1.25,0.00,9.67,-1.24,-0.00,9.69,9.77,-0.01,0.00,-0.01,0.02
09:38:55.555,-1.25,0.00,9.71,-1.24,-0.00,9.69,9.77,-0.01,0.00,0.02,0.02
09:38:55.808,-1.21,0.00,9.67,-1.23,-0.00,9.69,9.77,0.03,0.00,-0.02,0.03
09:38:56.061,-1.21,0.00,9.67,-1.23,-0.00,9.68,9.76,0.02,0.00,-0.01,0.02
09:38:56.313,-1.25,-0.08,9.71,-1.23,-0.02,9.69,9.77,-0.01,-0.06,0.02,0.07
09:38:56.565,-1.25,0.00,9.79,-1.24,-0.01,9.71,9.79,-0.01,0.01,0.08,0.08
09:38:56.818,-1.25,-0.04,9.71,-1.24,-0.02,9.71,9.79,-0.01,-0.02,0.00,0.02
09:38:57.071,-1.21,-0.04,9.71,-1.23,-0.02,9.71,9.79,0.02,-0.02,0.00,0.03
09:38:57.323,-1.21,0.00,9.67,-1.23,-0.02,9.70,9.78,0.02,0.02,-0.03,0.04
09:38:57.576,-1.25,0.04,9.67,-1.23,-0.01,9.70,9.77,-0.02,0.05,-0.02,0.05
09:38:57.828,-1.29,0.00,9.71,-1.24,-0.01,9.70,9.78,-0.04,0.01,0.01,0.05
09:38:58.081,-1.21,0.00,9.67,-1.24,-0.00,9.69,9.77,0.03,0.00,-0.02,0.04
09:38:58.334,-1.21,0.00,9.71,-1.23,-0.00,9.70,9.78,0.02,0.00,0.01,0.03
09:38:58.586,-1.25,0.00,9.63,-1.23,-0.00,9.68,9.76,-0.01,0.00,-0.05,0.05
09:38:58.838,-1.25,0.00,9.71,-1.24,-0.00,9.69,9.77,-0.01,0.00,0.02,0.02
09:38:59.090,-1.25,0.00,9.71,-1.24,-0.00,9.69,9.77,-0.01,0.00,0.02,0.02
09:38:59.343,-1.25,0.00,9.75,-1.24,-0.00,9.71,9.78,-0.01,0.00,0.04,0.05
09:38:59.595,-1.29,0.04,9.67,-1.25,0.01,9.70,9.78,-0.04,0.03,-0.03,0.06
09:38:59.847,-1.17,-0.04,9.67,-1.23,-0.00,9.69,9.77,0.06,-0.04,-0.02,0.08
09:39:00.103,-1.17,0.00,9.75,-1.22,-0.00,9.70,9.78,0.05,0.00,0.05,0.07
09:39:00.355,-1.25,-0.04,9.67,-1.23,-0.01,9.70,9.78,-0.02,-0.03,-0.03,0.04
09:39:00.607,-1.21,0.00,9.67,-1.22,-0.01,9.69,9.77,0.01,0.01,-0.02,0.03
09:39:00.861,-1.29,0.00,9.63,-1.24,-0.01,9.68,9.76,-0.05,0.01,-0.05,0.07
09:39:01.113,-1.25,-0.04,9.71,-1.24,-0.01,9.69,9.77,-0.01,-0.03,0.02,0.04
09:39:01.365,-1.25,0.00,9.67,-1.24,-0.01,9.68,9.76,-0.01,0.01,-0.01,0.02
09:39:01.617,-1.21,0.00,9.71,-1.23,-0.01,9.69,9.77,0.02,0.01,0.02,0.03
09:39:01.871,-1.25,0.00,9.71,-1.24,-0.01,9.69,9.77,-0.01,0.01,0.02,0.02
09:39:02.123,-1.25,-0.04,9.71,-1.24,-0.01,9.70,9.78,-0.01,-0.03,0.01,0.03
09:39:02.375,-1.17,0.00,9.67,-1.23,-0.01,9.69,9.77,0.06,0.01,-0.02,0.06
09:39:02.628,-1.25,-0.04,9.71,-1.23,-0.02,9.70,9.77,-0.02,-0.02,0.02,0.03
09:39:02.881,-1.25,-0.04,9.67,-1.23,-0.02,9.69,9.77,-0.01,-0.02,-0.02,0.03
09:39:03.135,-1.25,0.00,9.67,-1.24,-0.02,9.69,9.77,-0.01,0.02,-0.02,0.03
09:39:03.387,-1.25,-0.04,9.71,-1.24,-0.02,9.69,9.77,-0.01,-0.02,0.02,0.03
09:39:03.642,-1.17,-0.04,9.67,-1.22,-0.02,9.69,9.77,0.05,-0.01,-0.02,0.06
09:39:03.894,-1.21,0.00,9.67,-1.22,-0.02,9.68,9.76,0.01,0.02,-0.01,0.03
09:39:04.147,-1.25,0.00,9.59,-1.23,-0.02,9.67,9.74,-0.02,0.02,-0.07,0.08
09:39:04.402,-1.25,-0.04,9.71,-1.23,-0.02,9.68,9.75,-0.02,-0.02,0.04,0.04
09:39:04.655,-1.25,0.04,9.67,-1.23,-0.01,9.67,9.75,-0.01,0.05,-0.00,0.05
09:39:04.907,-1.21,0.00,9.67,-1.23,-0.01,9.67,9.75,0.02,0.01,-0.00,0.02
09:39:05.163,-1.21,0.00,9.67,-1.23,-0.01,9.67,9.75,0.02,0.01,-0.00,0.02
09:39:05.415,-1.21,0.00,9.63,-1.22,-0.00,9.67,9.74,0.01,0.00,-0.03,0.04
09:39:05.667,-1.21,0.04,9.71,-1.22,0.00,9.67,9.75,0.01,0.03,0.04,0.05
09:39:05.923,-1.25,0.00,9.67,-1.23,0.00,9.67,9.75,-0.02,-0.00,-0.00,0.02
09:39:06.175,-1.29,0.00,9.71,-1.24,0.00,9.68,9.76,-0.05,-0.00,0.03,0.06
09:39:06.428,-1.21,-0.04,9.67,-1.23,-0.01,9.68,9.76,0.02,-0.03,-0.01,0.04
09:39:06.681,-1.25,0.00,9.75,-1.24,-0.00,9.69,9.77,-0.01,0.00,0.06,0.06
09:39:06.933,-1.25,0.00,9.75,-1.24,-0.00,9.70,9.78,-0.01,0.00,0.05,0.05
09:39:07.186,-1.25,0.00,9.67,-1.24,-0.00,9.70,9.78,-0.01,0.00,-0.03,0.03
09:39:07.438,-1.25,0.00,9.71,-1.24,-0.00,9.70,9.78,-0.01,0.00,0.01,0.01
09:39:07.690,-1.29,0.00,9.67,-1.25,-0.00,9.70,9.78,-0.04,0.00,-0.02,0.04
09:39:07.943,-1.29,0.00,9.71,-1.26,-0.00,9.70,9.78,-0.03,0.00,0.01,0.03
09:39:08.195,-1.21,0.00,9.71,-1.25,-0.00,9.70,9.78,0.04,0.00,0.01,0.04
09:39:08.447,-1.25,0.00,9.67,-1.25,-0.00,9.70,9.78,0.00,0.00,-0.02,0.02
09:39:08.702,-1.21,0.00,9.71,-1.24,-0.00,9.70,9.78,0.03,0.00,0.01,0.03
09:39:08.955,-1.25,0.00,9.71,-1.24,-0.00,9.70,9.78,-0.01,0.00,0.01,0.01
09:39:09.207,-1.21,-0.04,9.71,-1.24,-0.01,9.70,9.78,0.03,-0.03,0.01,0.04
09:39:09.462,-1.25,0.00,9.71,-1.24,-0.01,9.70,9.78,-0.01,0.01,0.01,0.01
09:39:09.714,-1.29,0.00,9.71,-1.25,-0.01,9.71,9.79,-0.04,0.01,0.01,0.04
09:39:09.967,-1.29,0.00,9.71,-1.26,-0.00,9.71,9.79,-0.03,0.00,0.00,0.03
09:39:10.223,-1.21,0.00,9.71,-1.25,-0.00,9.71,9.79,0.04,0.00,0.00,0.04
09:39:10.475,-1.25,0.00,9.67,-1.25,-0.00,9.70,9.78,-0.00,0.00,-0.03,0.03
09:39:10.727,-1.25,0.00,9.71,-1.25,-0.00,9.70,9.78,-0.00,0.00,0.01,0.01
09:39:10.983,-1.25,0.00,9.71,-1.25,-0.00,9.70,9.78,-0.00,0.00,0.01,0.01
09:39:11.235,-1.25,0.00,9.63,-1.25,-0.00,9.69,9.77,-0.00,0.00,-0.06,0.06
09:39:11.487,-1.21,0.00,9.71,-1.24,-0.00,9.69,9.77,0.03,0.00,0.02,0.03
09:39:11.744,-1.21,-0.04,9.71,-1.23,-0.01,9.70,9.78,0.02,-0.03,0.01,0.04
09:39:11.996,-1.25,0.00,9.67,-1.24,-0.01,9.69,9.77,-0.01,0.01,-0.02,0.02
09:39:12.251,-1.25,0.00,9.63,-1.24,-0.01,9.68,9.76,-0.01,0.01,-0.05,0.05
09:39:12.503,-1.21,-0.04,9.75,-1.23,-0.01,9.69,9.77,0.02,-0.03,0.06,0.07
09:39:12.755,-1.21,0.00,9.71,-1.23,-0.01,9.70,9.78,0.02,0.01,0.01,0.03
09:39:13.008,-1.21,-0.04,9.63,-1.22,-0.02,9.68,9.76,0.02,-0.02,-0.05,0.06
09:39:13.261,-1.25,0.00,9.67,-1.23,-0.01,9.68,9.76,-0.02,0.01,-0.01,0.02
09:39:13.513,-1.21,0.00,9.71,-1.22,-0.01,9.69,9.77,0.02,0.01,0.02,0.03
09:39:13.765,-1.25,-0.04,9.63,-1.23,-0.02,9.68,9.75,-0.02,-0.02,-0.04,0.05
09:39:14.018,-1.29,0.00,9.67,-1.24,-0.01,9.68,9.76,-0.05,0.01,-0.00,0.05
09:39:14.271,-1.25,-0.04,9.67,-1.24,-0.02,9.68,9.75,-0.01,-0.02,-0.00,0.02
09:39:14.524,-1.21,0.00,9.67,-1.24,-0.01,9.67,9.75,0.03,0.01,-0.00,0.03
09:39:14.776,-1.21,0.00,9.67,-1.23,-0.01,9.67,9.75,0.02,0.01,-0.00,0.02
09:39:15.028,-1.21,0.00,9.75,-1.23,-0.01,9.69,9.77,0.02,0.01,0.06,0.06
09:39:15.280,-1.21,0.00,9.75,-1.22,-0.01,9.70,9.78,0.01,0.01,0.05,0.05
09:39:15.533,-1.21,0.00,9.67,-1.22,-0.01,9.70,9.77,0.01,0.01,-0.02,0.03
09:39:15.785,-1.21,0.00,9.71,-1.22,-0.00,9.70,9.77,0.01,0.00,0.01,0.02
09:39:16.037,-1.29,0.00,9.71,-1.23,-0.00,9.70,9.78,-0.06,0.00,0.01,0.06
09:39:16.293,-1.21,0.00,9.71,-1.23,-0.00,9.70,9.78,0.02,0.00,0.01,0.02
09:39:16.545,-1.25,0.00,9.67,-1.23,-0.00,9.70,9.77,-0.02,0.00,-0.02,0.03
09:39:16.797,-1.25,0.00,9.67,-1.23,-0.00,9.69,9.77,-0.01,0.00,-0.02,0.02
09:39:17.052,-1.25,0.00,9.71,-1.24,-0.00,9.70,9.77,-0.01,0.00,0.02,0.02
09:39:17.305,-1.25,0.00,9.67,-1.24,-0.00,9.69,9.77,-0.01,0.00,-0.02,0.02
09:39:17.557,-1.21,-0.04,9.71,-1.23,-0.01,9.69,9.77,0.02,-0.03,0.02,0.04
09:39:17.813,-1.25,0.00,9.71,-1.24,-0.01,9.70,9.78,-0.01,0.01,0.01,0.02
09:39:18.065,-1.25,0.00,9.67,-1.24,-0.01,9.69,9.77,-0.01,0.01,-0.02,0.02
09:39:18.317,-1.21,0.00,9.67,-1.23,-0.00,9.69,9.77,0.02,0.00,-0.02,0.03
09:39:18.571,-1.21,0.00,9.71,-1.23,-0.00,9.69,9.77,0.02,0.00,0.02,0.03
09:39:18.823,-1.25,0.00,9.71,-1.23,-0.00,9.70,9.77,-0.02,0.00,0.01,0.02
09:39:19.076,-1.29,0.00,9.75,-1.24,-0.00,9.71,9.79,-0.04,0.00,0.04,0.06
09:39:19.328,-1.21,0.00,9.75,-1.24,-0.00,9.72,9.79,0.03,0.00,0.03,0.04
09:39:19.580,-1.21,0.00,9.67,-1.23,-0.00,9.71,9.78,0.02,0.00,-0.04,0.04
09:39:19.833,-1.21,-0.04,9.67,-1.23,-0.01,9.70,9.78,0.02,-0.03,-0.03,0.04
09:39:20.085,-1.29,0.00,9.67,-1.24,-0.01,9.69,9.77,-0.05,0.01,-0.02,0.05
09:39:20.337,-1.25,0.00,9.71,-1.24,-0.01,9.70,9.78,-0.01,0.01,0.01,0.02
09:39:20.592,-1.21,-0.04,9.67,-1.23,-0.01,9.69,9.77,0.03,-0.03,-0.02,0.04
09:39:20.845,-1.21,-0.04,9.71,-1.23,-0.02,9.70,9.77,0.02,-0.02,0.01,0.03
09:39:21.097,-1.21,0.00,9.71,-1.23,-0.01,9.70,9.78,0.02,0.01,0.01,0.02
09:39:21.352,-1.25,-0.04,9.67,-1.23,-0.02,9.69,9.77,-0.02,-0.02,-0.02,0.03
09:39:21.604,-1.25,0.00,9.67,-1.23,-0.02,9.69,9.77,-0.01,0.02,-0.02,0.03
09:39:21.857,-1.29,0.00,9.67,-1.24,-0.01,9.69,9.77,-0.04,0.01,-0.01,0.05
09:39:22.112,-1.25,-0.04,9.67,-1.24,-0.02,9.68,9.76,-0.00,-0.02,-0.01,0.02
09:39:22.391,-1.21,0.00,9.75,-1.24,-0.01,9.70,9.78,0.03,0.01,0.05,0.06
09:39:22.643,-1.29,0.00,9.67,-1.25,-0.01,9.69,9.77,-0.04,0.01,-0.02,0.05
09:39:22.896,-1.21,-0.04,9.67,-1.24,-0.02,9.69,9.77,0.03,-0.02,-0.02,0.04
09:39:23.148,-1.29,-0.04,9.67,-1.25,-0.02,9.68,9.76,-0.04,-0.02,-0.01,0.04
09:39:23.400,-1.29,0.00,9.67,-1.26,-0.02,9.68,9.76,-0.03,0.02,-0.01,0.04
09:39:23.653,-1.25,0.00,9.75,-1.26,-0.01,9.70,9.78,0.01,0.01,0.05,0.06
09:39:23.906,-1.21,0.00,9.67,-1.25,-0.01,9.69,9.77,0.04,0.01,-0.02,0.04
09:39:24.162,-1.25,-0.04,9.67,-1.25,-0.02,9.69,9.77,-0.00,-0.02,-0.02,0.03
09:39:24.414,-1.21,0.00,9.75,-1.24,-0.01,9.70,9.78,0.03,0.01,0.05,0.06
09:39:24.666,-1.25,0.00,9.67,-1.24,-0.01,9.69,9.77,-0.01,0.01,-0.02,0.03
09:39:24.924,-1.25,0.00,9.67,-1.24,-0.01,9.69,9.77,-0.01,0.01,-0.02,0.02
09:39:25.177,-1.21,0.00,9.71,-1.24,-0.01,9.69,9.77,0.03,0.01,0.02,0.03
09:39:25.432,-1.21,-0.04,9.75,-1.23,-0.01,9.71,9.78,0.02,-0.03,0.04,0.06
09:39:25.685,-1.21,-0.04,9.71,-1.23,-0.02,9.71,9.78,0.02,-0.02,0.00,0.03
09:39:25.937,-1.17,0.00,9.67,-1.21,-0.01,9.70,9.78,0.04,0.01,-0.03,0.05
09:39:26.194,-1.17,-0.04,9.71,-1.21,-0.02,9.70,9.78,0.04,-0.02,0.01,0.04
09:39:26.446,-1.29,0.00,9.71,-1.22,-0.02,9.70,9.78,-0.06,0.02,0.01,0.07
09:39:26.698,-1.25,-0.04,9.71,-1.23,-0.02,9.71,9.78,-0.02,-0.02,0.01,0.03
09:39:26.954,-1.21,-0.04,9.67,-1.22,-0.02,9.70,9.78,0.01,-0.01,-0.03,0.03
09:39:27.206,-1.25,0.00,9.71,-1.23,-0.02,9.70,9.78,-0.02,0.02,0.01,0.03
09:39:27.458,-1.21,0.00,9.71,-1.22,-0.02,9.70,9.78,0.02,0.02,0.01,0.02
09:39:27.710,-1.21,-0.04,9.71,-1.22,-0.02,9.70,9.78,0.01,-0.02,0.01,0.02
09:39:27.963,-1.21,0.00,9.67,-1.22,-0.02,9.70,9.77,0.01,0.02,-0.03,0.03
09:39:28.216,-1.29,0.00,9.67,-1.23,-0.01,9.69,9.77,-0.05,0.01,-0.02,0.06
09:39:28.468,-1.25,-0.04,9.71,-1.24,-0.02,9.70,9.77,-0.01,-0.02,0.01,0.03
09:39:28.721,-1.25,0.00,9.67,-1.24,-0.01,9.69,9.77,-0.01,0.01,-0.02,0.03
09:39:28.975,-1.21,0.00,9.67,-1.23,-0.01,9.69,9.77,0.02,0.01,-0.02,0.03
09:39:29.227,-1.29,0.00,9.67,-1.24,-0.01,9.68,9.76,-0.04,0.01,-0.01,0.05
09:39:29.483,-1.21,0.00,9.67,-1.24,-0.01,9.68,9.76,0.03,0.01,-0.01,0.03
09:39:29.735,-1.25,0.00,9.75,-1.24,-0.01,9.70,9.77,-0.01,0.01,0.05,0.06
09:39:29.987,-1.21,0.00,9.71,-1.23,-0.00,9.70,9.78,0.02,0.00,0.01,0.03
09:39:30.242,-1.25,0.00,9.67,-1.24,-0.00,9.69,9.77,-0.01,0.00,-0.02,0.02
09:39:30.495,-1.25,0.00,9.67,-1.24,-0.00,9.69,9.77,-0.01,0.00,-0.02,0.02
09:39:30.747,-1.21,-0.04,9.71,-1.23,-0.01,9.69,9.77,0.02,-0.03,0.02,0.04
09:39:31.002,-1.21,0.00,9.71,-1.23,-0.01,9.70,9.77,0.02,0.01,0.01,0.02
09:39:31.254,-1.25,0.00,9.67,-1.23,-0.01,9.69,9.77,-0.02,0.01,-0.02,0.03
09:39:31.507,-1.21,-0.04,9.71,-1.23,-0.01,9.70,9.77,0.02,-0.03,0.02,0.04
09:39:31.762,-1.21,0.00,9.67,-1.22,-0.01,9.69,9.77,0.01,0.01,-0.02,0.03
09:39:32.015,-1.25,0.00,9.67,-1.23,-0.01,9.69,9.76,-0.02,0.01,-0.02,0.03
09:39:32.267,-1.25,0.00,9.67,-1.23,-0.01,9.68,9.76,-0.02,0.01,-0.01,0.02
09:39:32.522,-1.21,-0.04,9.67,-1.23,-0.01,9.68,9.76,0.02,-0.03,-0.01,0.03
09:39:32.775,-1.21,0.00,9.67,-1.22,-0.01,9.68,9.76,0.01,0.01,-0.01,0.02
09:39:33.027,-1.25,-0.04,9.71,-1.23,-0.02,9.69,9.76,-0.02,-0.02,0.02,0.04
09:39:33.283,-1.25,-0.04,9.67,-1.23,-0.02,9.68,9.76,-0.02,-0.02,-0.01,0.03
09:39:33.535,-1.25,0.00,9.67,-1.24,-0.02,9.68,9.76,-0.01,0.02,-0.01,0.02
09:39:33.787,-1.21,-0.04,9.71,-1.23,-0.02,9.69,9.76,0.02,-0.02,0.02,0.04
09:39:34.042,-1.21,-0.04,9.75,-1.23,-0.02,9.70,9.78,0.02,-0.01,0.05,0.06
09:39:34.295,-1.25,0.00,9.71,-1.23,-0.02,9.70,9.78,-0.02,0.02,0.01,0.03
09:39:34.547,-1.21,-0.04,9.67,-1.23,-0.02,9.70,9.77,0.02,-0.02,-0.02,0.03
09:39:34.803,-1.25,0.00,9.67,-1.23,-0.02,9.69,9.77,-0.02,0.02,-0.02,0.03
09:39:35.055,-1.21,0.00,9.63,-1.23,-0.02,9.68,9.76,0.02,0.02,-0.05,0.05
09:39:35.308,-1.29,0.00,9.71,-1.24,-0.01,9.69,9.76,-0.05,0.01,0.03,0.06
09:39:35.561,-1.21,-0.04,9.71,-1.23,-0.02,9.69,9.77,0.02,-0.02,0.02,0.04
09:39:35.813,-1.21,-0.04,9.67,-1.23,-0.02,9.69,9.76,0.02,-0.02,-0.02,0.03
09:39:36.065,-1.25,0.00,9.71,-1.23,-0.02,9.69,9.77,-0.02,0.02,0.02,0.03
09:39:36.317,-1.21,0.00,9.71,-1.23,-0.01,9.70,9.77,0.02,0.01,0.02,0.03
09:39:36.571,-1.25,-0.04,9.67,-1.23,-0.02,9.69,9.77,-0.02,-0.02,-0.02,0.03
09:39:36.823,-1.21,0.00,9.71,-1.23,-0.02,9.69,9.77,0.02,0.02,0.02,0.03
09:39:37.076,-1.25,0.00,9.67,-1.23,-0.01,9.69,9.77,-0.02,0.01,-0.02,0.03
09:39:37.328,-1.33,0.00,9.67,-1.25,-0.01,9.69,9.77,-0.08,0.01,-0.01,0.08
09:39:37.580,-1.21,0.00,9.71,-1.24,-0.01,9.69,9.77,0.03,0.01,0.02,0.04
09:39:37.833,-1.25,0.00,9.67,-1.24,-0.01,9.69,9.77,-0.00,0.01,-0.02,0.02
09:39:38.085,-1.25,-0.04,9.67,-1.24,-0.01,9.68,9.76,-0.00,-0.03,-0.01,0.03
09:39:38.337,-1.25,0.00,9.75,-1.24,-0.01,9.70,9.78,-0.00,0.01,0.05,0.05
09:39:38.593,-1.25,-0.04,9.67,-1.25,-0.02,9.69,9.77,-0.00,-0.02,-0.02,0.03
09:39:38.845,-1.21,0.00,9.67,-1.24,-0.01,9.69,9.77,0.03,0.01,-0.02,0.04
09:39:39.097,-1.25,0.00,9.71,-1.24,-0.01,9.69,9.77,-0.01,0.01,0.02,0.02
09:39:39.351,-1.25,0.00,9.67,-1.24,-0.01,9.69,9.77,-0.01,0.01,-0.02,0.02
09:39:39.603,-1.21,-0.04,9.71,-1.24,-0.01,9.69,9.77,0.03,-0.02,0.02,0.04
09:39:39.855,-1.21,0.00,9.71,-1.23,-0.01,9.70,9.77,0.02,0.01,0.01,0.03
09:39:40.108,-1.21,-0.04,9.67,-1.23,-0.02,9.69,9.77,0.02,-0.02,-0.02,0.03
09:39:40.361,-1.29,0.00,9.67,-1.24,-0.01,9.69,9.77,-0.05,0.01,-0.02,0.05
09:39:40.613,-1.25,0.00,9.67,-1.24,-0.01,9.68,9.76,-0.01,0.01,-0.01,0.02
09:39:40.866,-1.29,0.00,9.67,-1.25,-0.01,9.68,9.76,-0.04,0.01,-0.01,0.04
09:39:41.118,-1.21,0.00,9.67,-1.24,-0.01,9.68,9.76,0.03,0.01,-0.01,0.03
09:39:41.371,-1.21,-0.04,9.67,-1.23,-0.01,9.68,9.76,0.03,-0.03,-0.01,0.04
09:39:41.623,-1.25,0.00,9.71,-1.24,-0.01,9.68,9.76,-0.01,0.01,0.03,0.03
09:39:41.875,-1.25,0.00,9.67,-1.24,-0.01,9.68,9.76,-0.01,0.01,-0.01,0.02
09:39:42.128,-1.21,-0.04,9.67,-1.23,-0.01,9.68,9.76,0.02,-0.02,-0.01,0.04
09:39:42.385,-1.25,0.00,9.75,-1.24,-0.01,9.69,9.77,-0.01,0.01,0.06,0.06
09:39:42.637,-1.21,0.00,9.71,-1.23,-0.01,9.70,9.78,0.02,0.01,0.01,0.03
09:39:42.892,-1.21,-0.04,9.67,-1.23,-0.02,9.69,9.77,0.02,-0.02,-0.02,0.04
09:39:43.144,-1.21,0.00,9.75,-1.22,-0.01,9.70,9.78,0.01,0.01,0.05,0.05
09:39:43.396,-1.25,0.00,9.63,-1.23,-0.01,9.69,9.77,-0.02,0.01,-0.06,0.06
09:39:43.651,-1.21,-0.04,9.71,-1.22,-0.02,9.69,9.77,0.02,-0.02,0.02,0.03
09:39:43.903,-1.17,-0.04,9.71,-1.21,-0.02,9.70,9.77,0.04,-0.02,0.01,0.05
09:39:44.155,-1.21,-0.04,9.67,-1.21,-0.02,9.69,9.77,0.00,-0.01,-0.02,0.03
09:39:44.407,-1.25,0.00,9.75,-1.22,-0.02,9.70,9.78,-0.03,0.02,0.05,0.06
09:39:44.662,-1.25,0.00,9.75,-1.23,-0.02,9.71,9.79,-0.02,0.02,0.04,0.05
09:39:44.915,-1.25,0.00,9.75,-1.23,-0.01,9.72,9.80,-0.02,0.01,0.03,0.04
09:39:45.167,-1.21,0.00,9.67,-1.23,-0.01,9.71,9.79,0.02,0.01,-0.04,0.04
09:39:45.423,-1.21,0.00,9.67,-1.22,-0.01,9.70,9.78,0.01,0.01,-0.03,0.03
09:39:45.675,-1.33,0.00,9.67,-1.24,-0.01,9.70,9.78,-0.08,0.01,-0.02,0.09
09:39:45.928,-1.21,-0.04,9.67,-1.24,-0.01,9.69,9.77,0.03,-0.03,-0.02,0.04
09:39:46.181,-1.25,-0.04,9.71,-1.24,-0.02,9.70,9.77,-0.01,-0.02,0.02,0.03
09:39:46.434,-1.21,0.04,9.75,-1.23,-0.01,9.71,9.78,0.02,0.05,0.04,0.07
09:39:46.686,-1.25,0.00,9.67,-1.24,-0.01,9.70,9.78,-0.01,0.01,-0.03,0.03
09:39:46.938,-1.25,0.00,9.67,-1.24,-0.00,9.69,9.77,-0.01,0.00,-0.02,0.02
09:39:47.194,-1.21,-0.04,9.71,-1.23,-0.01,9.70,9.78,0.02,-0.03,0.01,0.04
09:39:47.446,-1.21,-0.04,9.71,-1.23,-0.02,9.70,9.78,0.02,-0.02,0.01,0.03
09:39:47.698,-1.25,0.00,9.71,-1.23,-0.01,9.70,9.78,-0.02,0.01,0.01,0.02
09:39:47.950,-1.21,-0.04,9.67,-1.23,-0.02,9.70,9.77,0.02,-0.02,-0.02,0.04
09:39:48.203,-1.21,-0.04,9.67,-1.22,-0.02,9.69,9.77,0.01,-0.02,-0.02,0.03
09:39:48.457,-1.25,0.00,9.59,-1.23,-0.02,9.67,9.75,-0.02,0.02,-0.08,0.08
09:39:48.711,-1.17,0.00,9.71,-1.22,-0.01,9.68,9.76,0.05,0.01,0.03,0.06
09:39:48.963,-1.25,0.00,9.63,-1.22,-0.01,9.67,9.75,-0.02,0.01,-0.04,0.05
09:39:49.216,-1.21,0.00,9.71,-1.22,-0.01,9.68,9.76,0.01,0.01,0.03,0.04
09:39:49.468,-1.21,0.00,9.71,-1.22,-0.01,9.69,9.76,0.01,0.01,0.03,0.03
09:39:49.720,-1.25,-0.04,9.71,-1.22,-0.01,9.69,9.77,-0.02,-0.03,0.02,0.04
09:39:49.972,-1.17,-0.04,9.75,-1.21,-0.02,9.70,9.78,0.04,-0.02,0.05,0.07
09:39:50.224,-1.25,-0.04,9.67,-1.22,-0.02,9.70,9.77,-0.03,-0.02,-0.02,0.04
09:39:50.477,-1.25,0.00,9.63,-1.23,-0.02,9.68,9.76,-0.02,0.02,-0.05,0.06
09:39:50.731,-1.25,0.00,9.71,-1.23,-0.01,9.69,9.77,-0.02,0.01,0.02,0.03
09:39:50.984,-1.25,-0.04,9.67,-1.23,-0.02,9.69,9.76,-0.01,-0.02,-0.01,0.03
09:39:51.236,-1.21,0.00,9.71,-1.23,-0.02,9.69,9.77,0.02,0.02,0.02,0.03
09:39:51.492,-1.17,-0.04,9.71,-1.22,-0.02,9.69,9.77,0.05,-0.02,0.02,0.05
09:39:51.744,-1.25,0.00,9.63,-1.22,-0.02,9.68,9.76,-0.02,0.02,-0.05,0.06
09:39:51.997,-1.21,0.00,9.71,-1.22,-0.01,9.69,9.76,0.01,0.01,0.02,0.03
09:39:52.253,-1.29,0.00,9.71,-1.23,-0.01,9.69,9.77,-0.05,0.01,0.02,0.06
09:39:52.505,-1.29,0.00,9.67,-1.24,-0.01,9.69,9.77,-0.04,0.01,-0.02,0.05
09:39:52.757,-1.21,0.00,9.63,-1.24,-0.01,9.68,9.76,0.03,0.01,-0.04,0.05
09:39:53.012,-1.25,-0.04,9.75,-1.24,-0.01,9.69,9.77,-0.01,-0.03,0.06,0.06
09:39:53.265,-1.21,0.00,9.71,-1.23,-0.01,9.70,9.77,0.02,0.01,0.02,0.03
09:39:53.517,-1.25,0.00,9.67,-1.24,-0.01,9.69,9.77,-0.01,0.01,-0.02,0.02
09:39:53.773,-1.25,0.04,9.67,-1.24,0.00,9.69,9.77,-0.01,0.04,-0.02,0.04
09:39:54.025,-1.25,-0.04,9.71,-1.24,-0.01,9.69,9.77,-0.01,-0.03,0.02,0.04
09:39:54.277,-1.21,0.00,9.67,-1.23,-0.01,9.69,9.77,0.03,0.01,-0.02,0.03
09:39:54.533,-1.21,0.00,9.67,-1.23,-0.00,9.68,9.76,0.02,0.00,-0.01,0.02
09:39:54.792,-1.21,-0.04,9.67,-1.23,-0.01,9.68,9.76,0.02,-0.03,-0.01,0.03
09:39:55.044,-1.29,0.00,9.67,-1.24,-0.01,9.68,9.76,-0.05,0.01,-0.01,0.05
09:39:55.296,-1.21,-0.04,9.71,-1.23,-0.02,9.69,9.76,0.02,-0.02,0.02,0.04
09:39:55.551,-1.25,-0.04,9.67,-1.24,-0.02,9.68,9.76,-0.01,-0.02,-0.01,0.03
09:39:55.803,-1.17,-0.04,9.71,-1.22,-0.02,9.69,9.77,0.05,-0.02,0.02,0.06
09:39:56.055,-1.25,0.00,9.67,-1.23,-0.02,9.69,9.76,-0.02,0.02,-0.01,0.03
09:39:56.307,-1.21,0.00,9.71,-1.22,-0.02,9.69,9.77,0.01,0.02,0.02,0.03
09:39:56.562,-1.25,0.00,9.71,-1.23,-0.01,9.69,9.77,-0.02,0.01,0.02,0.03
09:39:56.815,-1.25,0.04,9.71,-1.23,-0.00,9.70,9.78,-0.02,0.04,0.01,0.05
09:39:57.067,-1.25,0.00,9.67,-1.24,-0.00,9.69,9.77,-0.01,0.00,-0.02,0.02
09:39:57.323,-1.21,0.00,9.71,-1.23,-0.00,9.70,9.77,0.02,0.00,0.01,0.03
09:39:57.575,-1.21,0.00,9.71,-1.23,-0.00,9.70,9.78,0.02,0.00,0.01,0.02
09:39:57.827,-1.21,0.00,9.67,-1.22,-0.00,9.69,9.77,0.01,0.00,-0.02,0.03
09:39:58.082,-1.21,0.00,9.75,-1.22,-0.00,9.71,9.78,0.01,0.00,0.04,0.05
09:39:58.334,-1.21,0.00,9.67,-1.22,-0.00,9.70,9.77,0.01,0.00,-0.03,0.03
09:39:58.586,-1.21,0.00,9.67,-1.22,-0.00,9.69,9.77,0.01,0.00,-0.02,0.02
09:39:58.841,-1.21,0.00,9.75,-1.21,-0.00,9.70,9.78,0.01,0.00,0.05,0.05
09:39:59.093,-1.25,0.00,9.63,-1.22,-0.00,9.69,9.77,-0.03,0.00,-0.06,0.06
09:39:59.345,-1.21,0.00,9.67,-1.22,-0.00,9.69,9.76,0.01,0.00,-0.01,0.02
09:39:59.598,-1.21,0.00,9.75,-1.22,-0.00,9.70,9.78,0.01,0.00,0.05,0.05
09:39:59.851,-1.21,0.00,9.71,-1.22,-0.00,9.70,9.78,0.01,0.00,0.01,0.01
09:40:00.103,-1.25,0.00,9.71,-1.22,-0.00,9.70,9.78,-0.03,0.00,0.01,0.03
09:40:00.356,-1.25,0.00,9.71,-1.23,-0.00,9.70,9.78,-0.02,0.00,0.01,0.02
09:40:00.608,-1.21,-0.04,9.67,-1.22,-0.01,9.70,9.78,0.01,-0.03,-0.03,0.04
09:40:00.861,-1.21,0.00,9.75,-1.22,-0.01,9.71,9.79,0.01,0.01,0.04,0.04
09:40:01.113,-1.25,0.00,9.67,-1.23,-0.01,9.70,9.78,-0.02,0.01,-0.03,0.04
09:40:01.366,-1.25,0.00,9.71,-1.23,-0.00,9.70,9.78,-0.02,0.00,0.01,0.02
09:40:01.618,-1.25,-0.04,9.67,-1.23,-0.01,9.70,9.78,-0.01,-0.03,-0.03,0.04
09:40:01.870,-1.25,0.00,9.75,-1.24,-0.01,9.71,9.79,-0.01,0.01,0.04,0.04
09:40:02.122,-1.25,0.00,9.67,-1.24,-0.01,9.70,9.78,-0.01,0.01,-0.03,0.03
09:40:02.374,-1.25,0.00,9.71,-1.24,-0.01,9.70,9.78,-0.01,0.01,0.01,0.01
09:40:02.627,-1.21,-0.04,9.67,-1.23,-0.01,9.70,9.77,0.03,-0.03,-0.02,0.04
09:40:02.882,-1.29,-0.04,9.67,-1.24,-0.02,9.69,9.77,-0.04,-0.02,-0.02,0.05
09:40:03.135,-1.29,0.04,9.67,-1.25,-0.01,9.69,9.77,-0.03,0.05,-0.02,0.06
09:40:03.387,-1.25,-0.04,9.67,-1.25,-0.01,9.68,9.77,0.00,-0.03,-0.01,0.03
09:40:03.643,-1.25,0.00,9.67,-1.25,-0.01,9.68,9.76,0.00,0.01,-0.01,0.01
09:40:03.895,-1.21,0.00,9.67,-1.24,-0.01,9.68,9.76,0.03,0.01,-0.01,0.04
09:40:04.147,-1.25,0.00,9.71,-1.24,-0.01,9.69,9.77,-0.00,0.01,0.02,0.03
09:40:04.402,-1.25,0.04,9.67,-1.24,0.00,9.68,9.76,-0.00,0.04,-0.01,0.04
09:40:04.655,-1.21,0.00,9.71,-1.24,0.00,9.69,9.77,0.03,-0.00,0.02,0.04
09:40:04.907,-1.29,0.00,9.79,-1.25,0.00,9.71,9.79,-0.04,-0.00,0.08,0.09
09:40:05.162,-1.21,0.00,9.71,-1.24,0.00,9.71,9.79,0.03,-0.00,0.00,0.03
09:40:05.415,-1.21,0.00,9.67,-1.23,0.00,9.70,9.78,0.02,-0.00,-0.03,0.04
09:40:05.667,-1.21,-0.04,9.67,-1.23,-0.01,9.70,9.77,0.02,-0.03,-0.02,0.04
09:40:05.924,-1.25,0.00,9.75,-1.23,-0.01,9.71,9.78,-0.02,0.01,0.04,0.05
09:40:06.176,-1.25,0.00,9.67,-1.24,-0.00,9.70,9.78,-0.01,0.00,-0.03,0.03
09:40:06.432,-1.25,-0.04,9.59,-1.24,-0.01,9.68,9.76,-0.01,-0.03,-0.08,0.09
09:40:06.684,-1.21,0.00,9.67,-1.23,-0.01,9.68,9.76,0.02,0.01,-0.01,0.03
09:40:06.936,-1.21,0.00,9.75,-1.23,-0.01,9.69,9.77,0.02,0.01,0.06,0.06
09:40:07.195,-1.25,0.04,9.67,-1.23,0.00,9.69,9.77,-0.02,0.04,-0.02,0.04
09:40:07.447,-1.21,0.00,9.71,-1.23,0.00,9.69,9.77,0.02,-0.00,0.02,0.03
09:40:07.702,-1.21,-0.04,9.67,-1.22,-0.01,9.69,9.77,0.01,-0.03,-0.02,0.04
09:40:07.955,-1.21,-0.04,9.71,-1.22,-0.01,9.69,9.77,0.01,-0.03,0.02,0.03
09:40:08.207,-1.25,0.00,9.63,-1.23,-0.01,9.68,9.76,-0.02,0.01,-0.05,0.05
09:40:08.463,-1.21,0.00,9.71,-1.22,-0.01,9.69,9.76,0.01,0.01,0.02,0.03
09:40:08.715,-1.21,0.00,9.67,-1.22,-0.01,9.68,9.76,0.01,0.01,-0.01,0.02
09:40:08.967,-1.21,0.00,9.71,-1.22,-0.01,9.69,9.77,0.01,0.01,0.02,0.02
09:40:09.222,-1.25,-0.04,9.71,-1.22,-0.01,9.69,9.77,-0.02,-0.03,0.02,0.04
09:40:09.475,-1.25,0.00,9.71,-1.23,-0.01,9.70,9.77,-0.02,0.01,0.01,0.03
09:40:09.727,-1.29,0.04,9.67,-1.24,0.00,9.69,9.77,-0.05,0.04,-0.02,0.06
09:40:09.983,-1.21,0.00,9.67,-1.23,0.00,9.69,9.77,0.03,-0.00,-0.02,0.03
09:40:10.235,-1.21,0.00,9.67,-1.23,0.00,9.68,9.76,0.02,-0.00,-0.01,0.02
09:40:10.487,-1.25,0.04,9.67,-1.23,0.01,9.68,9.76,-0.02,0.03,-0.01,0.04
09:40:10.743,-1.17,-0.04,9.71,-1.22,-0.00,9.69,9.76,0.05,-0.04,0.02,0.07
09:40:10.996,-1.25,0.00,9.71,-1.23,-0.00,9.69,9.77,-0.02,0.00,0.02,0.03
09:40:11.248,-1.25,0.00,9.67,-1.23,-0.00,9.69,9.77,-0.02,0.00,-0.02,0.02
09:40:11.503,-1.25,0.00,9.71,-1.23,-0.00,9.69,9.77,-0.01,0.00,0.02,0.02
09:40:11.755,-1.25,0.00,9.71,-1.24,-0.00,9.70,9.78,-0.01,0.00,0.01,0.02
09:40:12.007,-1.25,0.00,9.71,-1.24,-0.00,9.70,9.78,-0.01,0.00,0.01,0.01
09:40:12.263,-1.25,0.04,9.71,-1.24,0.01,9.70,9.78,-0.01,0.03,0.01,0.03
09:40:12.515,-1.25,0.00,9.67,-1.24,0.01,9.70,9.78,-0.01,-0.01,-0.02,0.03
09:40:12.767,-1.21,0.00,9.67,-1.24,0.00,9.69,9.77,0.03,-0.00,-0.02,0.03
09:40:13.023,-1.25,0.00,9.75,-1.24,0.00,9.70,9.78,-0.01,-0.00,0.05,0.05
09:40:13.275,-1.29,0.00,9.75,-1.25,0.00,9.71,9.79,-0.04,-0.00,0.04,0.05
09:40:13.527,-1.29,0.00,9.67,-1.26,0.00,9.70,9.79,-0.03,-0.00,-0.03,0.05
09:40:13.783,-1.25,0.00,9.67,-1.25,0.00,9.70,9.78,0.01,-0.00,-0.03,0.03
09:40:14.035,-1.29,0.00,9.71,-1.26,0.00,9.70,9.78,-0.03,-0.00,0.01,0.03
09:40:14.287,-1.29,0.00,9.67,-1.27,0.00,9.69,9.78,-0.02,-0.00,-0.02,0.03
09:40:14.543,-1.21,-0.04,9.63,-1.25,-0.01,9.68,9.76,0.05,-0.03,-0.05,0.07
09:40:14.795,-1.21,0.00,9.75,-1.25,-0.01,9.70,9.78,0.04,0.01,0.05,0.07
09:40:15.047,-1.21,0.00,9.67,-1.24,-0.00,9.69,9.77,0.03,0.00,-0.02,0.04
09:40:15.302,-1.21,-0.04,9.67,-1.23,-0.01,9.69,9.77,0.02,-0.03,-0.02,0.04
09:40:15.555,-1.21,0.00,9.71,-1.23,-0.01,9.69,9.77,0.02,0.01,0.02,0.03
09:40:15.807,-1.25,0.04,9.63,-1.23,0.00,9.68,9.76,-0.02,0.04,-0.05,0.06
09:40:16.063,-1.25,0.00,9.71,-1.23,0.00,9.69,9.76,-0.01,-0.00,0.02,0.03
09:40:16.315,-1.21,-0.04,9.71,-1.23,-0.01,9.69,9.77,0.02,-0.03,0.02,0.04
09:40:16.567,-1.25,0.00,9.67,-1.23,-0.01,9.69,9.77,-0.01,0.01,-0.02,0.02
09:40:16.821,-1.29,0.00,9.71,-1.24,-0.00,9.69,9.77,-0.04,0.00,0.02,0.05
09:40:17.075,-1.25,0.00,9.71,-1.24,-0.00,9.70,9.78,-0.00,0.00,0.02,0.02
09:40:17.327,-1.25,-0.04,9.71,-1.25,-0.01,9.70,9.78,-0.00,-0.03,0.01,0.03
09:40:17.583,-1.17,0.00,9.71,-1.23,-0.01,9.70,9.78,0.06,0.01,0.01,0.06
09:40:17.835,-1.29,0.00,9.71,-1.24,-0.01,9.70,9.78,-0.05,0.01,0.01,0.05
09:40:18.087,-1.21,0.00,9.63,-1.24,-0.01,9.69,9.77,0.03,0.01,-0.06,0.06
09:40:18.343,-1.21,-0.04,9.71,-1.23,-0.01,9.69,9.77,0.02,-0.03,0.02,0.04
09:40:18.595,-1.21,0.00,9.67,-1.23,-0.01,9.69,9.77,0.02,0.01,-0.02,0.03
09:40:18.847,-1.21,0.00,9.71,-1.22,-0.01,9.69,9.77,0.01,0.01,0.02,0.02
09:40:19.102,-1.25,-0.04,9.71,-1.23,-0.01,9.70,9.77,-0.02,-0.02,0.01,0.04
09:40:19.354,-1.25,0.00,9.63,-1.23,-0.01,9.68,9.76,-0.02,0.01,-0.05,0.05
09:40:19.606,-1.25,0.00,9.71,-1.23,-0.01,9.69,9.77,-0.01,0.01,0.02,0.03
09:40:19.861,-1.25,0.00,9.71,-1.24,-0.01,9.69,9.77,-0.01,0.01,0.02,0.02
09:40:20.114,-1.25,0.00,9.67,-1.24,-0.01,9.69,9.77,-0.01,0.01,-0.02,0.02
09:40:20.366,-1.25,0.00,9.67,-1.24,-0.00,9.69,9.77,-0.01,0.00,-0.01,0.02
09:40:20.618,-1.25,0.00,9.71,-1.24,-0.00,9.69,9.77,-0.01,0.00,0.02,0.02
09:40:20.871,-1.21,0.00,9.71,-1.24,-0.00,9.70,9.77,0.03,0.00,0.02,0.03
09:40:21.125,-1.25,0.00,9.71,-1.24,-0.00,9.70,9.78,-0.01,0.00,0.01,0.02
09:40:21.377,-1.25,0.00,9.67,-1.24,-0.00,9.69,9.77,-0.01,0.00,-0.02,0.02
09:40:21.631,-1.21,-0.04,9.67,-1.23,-0.01,9.69,9.77,0.03,-0.03,-0.02,0.04
09:40:21.883,-1.25,0.00,9.71,-1.24,-0.01,9.69,9.77,-0.01,0.01,0.02,0.02
09:40:22.140,-1.25,0.00,9.71,-1.24,-0.01,9.70,9.78,-0.01,0.01,0.01,0.02
09:40:22.393,-1.25,0.00,9.71,-1.24,-0.00,9.70,9.78,-0.01,0.00,0.01,0.01
09:40:22.645,-1.21,0.00,9.67,-1.23,-0.00,9.69,9.77,0.03,0.00,-0.02,0.03
09:40:22.897,-1.29,0.00,9.71,-1.24,-0.00,9.70,9.78,-0.04,0.00,0.01,0.04
09:40:23.153,-1.29,-0.04,9.67,-1.25,-0.01,9.69,9.77,-0.03,-0.03,-0.02,0.05
09:40:23.406,-1.21,0.00,9.75,-1.24,-0.01,9.70,9.78,0.04,0.01,0.05,0.06
09:40:23.658,-1.25,-0.04,9.71,-1.25,-0.01,9.71,9.78,-0.00,-0.02,0.01,0.03
09:40:23.911,-1.21,-0.04,9.67,-1.24,-0.02,9.70,9.78,0.03,-0.02,-0.03,0.04
09:40:24.164,-1.25,0.00,9.67,-1.24,-0.02,9.69,9.77,-0.01,0.02,-0.02,0.03
09:40:24.416,-1.21,-0.04,9.67,-1.23,-0.02,9.69,9.77,0.02,-0.02,-0.02,0.04
09:40:24.671,-1.17,0.00,9.67,-1.22,-0.02,9.69,9.76,0.05,0.02,-0.01,0.06
09:40:24.923,-1.21,0.00,9.71,-1.22,-0.01,9.69,9.77,0.01,0.01,0.02,0.03
09:40:25.175,-1.25,0.00,9.67,-1.22,-0.01,9.69,9.76,-0.02,0.01,-0.01,0.03
09:40:25.427,-1.25,0.00,9.67,-1.23,-0.01,9.68,9.76,-0.02,0.01,-0.01,0.02
09:40:25.681,-1.25,0.00,9.67,-1.23,-0.01,9.68,9.76,-0.02,0.01,-0.01,0.02
09:40:25.934,-1.25,0.00,9.63,-1.24,-0.01,9.67,9.75,-0.01,0.01,-0.04,0.04
09:40:26.187,-1.21,-0.04,9.67,-1.23,-0.01,9.67,9.75,0.02,-0.03,0.00,0.03
09:40:26.442,-1.25,0.00,9.71,-1.23,-0.01,9.68,9.76,-0.01,0.01,0.03,0.04
09:40:26.694,-1.29,0.00,9.71,-1.24,-0.01,9.69,9.77,-0.04,0.01,0.03,0.05
09:40:26.947,-1.29,0.00,9.67,-1.25,-0.01,9.68,9.76,-0.03,0.01,-0.01,0.04
09:40:27.204,-1.21,0.00,9.67,-1.24,-0.00,9.68,9.76,0.04,0.00,-0.01,0.04
09:40:27.456,-1.21,-0.04,9.71,-1.24,-0.01,9.69,9.77,0.03,-0.03,0.02,0.05
09:40:27.710,-1.21,0.04,9.71,-1.23,-0.00,9.69,9.77,0.02,0.04,0.02,0.05
09:40:27.963,-1.25,-0.04,9.75,-1.23,-0.01,9.70,9.78,-0.01,-0.03,0.05,0.06
09:40:28.216,-1.25,0.00,9.71,-1.24,-0.01,9.70,9.78,-0.01,0.01,0.01,0.01
09:40:28.471,-1.25,0.00,9.67,-1.24,-0.01,9.70,9.78,-0.01,0.01,-0.03,0.03
09:40:28.723,-1.25,-0.04,9.71,-1.24,-0.01,9.70,9.78,-0.01,-0.03,0.01,0.03
09:40:28.976,-1.25,0.00,9.71,-1.24,-0.01,9.70,9.78,-0.01,0.01,0.01,0.01
09:40:29.228,-1.25,0.00,9.71,-1.24,-0.01,9.70,9.78,-0.00,0.01,0.01,0.01
09:40:29.481,-1.25,-0.04,9.71,-1.24,-0.01,9.71,9.79,-0.00,-0.02,0.01,0.03
09:40:29.733,-1.21,0.00,9.71,-1.24,-0.01,9.71,9.79,0.03,0.01,0.00,0.03
09:40:29.993,-1.25,0.00,9.71,-1.24,-0.01,9.71,9.79,-0.01,0.01,0.00,0.01
09:40:30.245,-1.17,-0.08,9.67,-1.23,-0.02,9.70,9.78,0.06,-0.06,-0.03,0.08
09:40:30.497,-1.25,0.00,9.63,-1.23,-0.02,9.69,9.76,-0.02,0.02,-0.05,0.06
09:40:30.752,-1.25,0.00,9.67,-1.23,-0.01,9.68,9.76,-0.01,0.01,-0.01,0.02
09:40:31.008,-1.25,0.00,9.63,-1.24,-0.01,9.67,9.75,-0.01,0.01,-0.04,0.04
09:40:31.264,-1.25,0.00,9.63,-1.24,-0.01,9.67,9.74,-0.01,0.01,-0.03,0.04
09:40:31.517,-1.25,0.00,9.67,-1.24,-0.01,9.67,9.75,-0.01,0.01,0.01,0.01
09:40:31.772,-1.21,0.00,9.63,-1.23,-0.01,9.66,9.74,0.03,0.01,-0.03,0.04
09:40:32.024,-1.21,0.00,9.75,-1.23,-0.00,9.68,9.76,0.02,0.00,0.07,0.07
09:40:32.277,-1.21,0.00,9.67,-1.23,-0.00,9.68,9.75,0.02,0.00,-0.00,0.02
09:40:32.532,-1.25,0.00,9.71,-1.23,-0.00,9.68,9.76,-0.02,0.00,0.03,0.03
09:40:32.784,-1.25,0.00,9.75,-1.23,-0.00,9.70,9.78,-0.01,0.00,0.05,0.06
09:40:33.036,-1.25,0.04,9.75,-1.24,0.01,9.71,9.79,-0.01,0.03,0.04,0.06
09:40:33.292,-1.25,0.00,9.67,-1.24,0.00,9.70,9.78,-0.01,-0.00,-0.03,0.03
09:40:33.544,-1.21,0.00,9.67,-1.23,0.00,9.69,9.77,0.02,-0.00,-0.02,0.03
09:40:33.796,-1.25,0.00,9.63,-1.24,0.00,9.68,9.76,-0.01,-0.00,-0.05,0.05
09:40:34.050,-1.25,-0.04,9.67,-1.24,-0.01,9.68,